start,end,type
N1,N0,caused_by
N2,N0,caused_by
N3,N0,caused_by
N4,N0,caused_by
N5,N0,caused_by
N6,N0,caused_by
N7,N0,caused_by
N8,N0,caused_by
N9,N0,caused_by
N10,N0,caused_by
N11,N0,caused_by
N12,N0,is_a_risk_factor_of
N13,N0,is_a_risk_factor_of
N14,N0,can_cause
N16,N15,caused_by
N17,N15,caused_by
N18,N15,caused_by
N9,N15,caused_by
N19,N15,caused_by
N21,N20,caused_by
N16,N20,caused_by
N22,N20,caused_by
N23,N20,caused_by
N24,N20,caused_by
N25,N20,caused_by
N19,N20,caused_by
N26,N20,caused_by
N27,N20,caused_by
N28,N20,caused_by
N29,N20,caused_by
N30,N20,caused_by
N31,N20,caused_by
N32,N20,caused_by
N33,N20,caused_by
N34,N20,caused_by
N16,N35,caused_by
N36,N35,caused_by
N37,N35,caused_by
N38,N35,caused_by
N39,N35,caused_by
N40,N35,caused_by
N41,N35,caused_by
N42,N35,caused_by
N43,N35,caused_by
N44,N35,caused_by
N45,N35,caused_by
N46,N35,caused_by
N47,N35,caused_by
N48,N35,caused_by
N49,N35,caused_by
N50,N35,caused_by
N51,N35,caused_by
N52,N35,caused_by
N53,N35,caused_by
N32,N35,caused_by
N54,N35,caused_by
N55,N35,is_a_risk_factor_of
N56,N35,can_cause
N57,N35,can_cause
N58,N35,can_cause
N59,N35,can_cause
N60,N35,can_cause
N61,N35,can_cause
N62,N35,can_cause
N63,N35,can_cause
N64,N35,can_cause
N65,N35,can_cause
N66,N35,can_cause
N68,N67,caused_by
N16,N67,caused_by
N69,N67,caused_by
N70,N67,caused_by
N16,N71,caused_by
N72,N71,caused_by
N44,N71,caused_by
N73,N71,caused_by
N70,N71,caused_by
N46,N71,caused_by
N32,N71,caused_by
N74,N71,can_cause
N64,N71,can_cause
N76,N75,caused_by
N16,N75,caused_by
N77,N75,caused_by
N70,N75,caused_by
N78,N75,is_a_risk_factor_of
N80,N79,caused_by
N81,N79,caused_by
N82,N79,caused_by
N83,N79,caused_by
N84,N79,caused_by
N85,N79,caused_by
N86,N79,caused_by
N87,N79,caused_by
N88,N79,caused_by
N89,N79,caused_by
N90,N79,caused_by
N91,N79,caused_by
N92,N79,caused_by
N93,N79,caused_by
N94,N79,caused_by
N9,N79,caused_by
N95,N79,caused_by
N96,N79,caused_by
N97,N79,caused_by
N98,N79,caused_by
N99,N79,caused_by
N100,N79,caused_by
N101,N79,is_a_risk_factor_of
N102,N79,is_a_risk_factor_of
N103,N79,is_a_risk_factor_of
N104,N79,can_cause
N105,N79,can_cause
N106,N79,can_cause
N66,N79,can_cause
N16,N107,caused_by
N108,N107,caused_by
N98,N107,caused_by
N70,N107,caused_by
N32,N107,caused_by
N77,N107,caused_by
N96,N107,caused_by
N109,N107,is_a_risk_factor_of
N110,N107,is_a_risk_factor_of
N111,N107,can_cause
N112,N107,can_cause
N113,N107,can_cause
N76,N114,caused_by
N16,N114,caused_by
N115,N114,caused_by
N76,N116,caused_by
N16,N116,caused_by
N117,N116,caused_by
N118,N116,caused_by
N119,N116,is_a_risk_factor_of
N120,N116,is_a_risk_factor_of
N121,N116,is_a_risk_factor_of
N122,N116,is_a_risk_factor_of
N123,N116,can_cause
N76,N124,caused_by
N16,N124,caused_by
N47,N124,caused_by
N125,N124,caused_by
N126,N124,caused_by
N127,N124,caused_by
N128,N124,caused_by
N129,N124,caused_by
N130,N124,caused_by
N96,N124,caused_by
N131,N124,is_a_risk_factor_of
N132,N124,is_a_risk_factor_of
N133,N124,is_a_risk_factor_of
N134,N124,can_cause
N135,N124,can_cause
N76,N136,caused_by
N16,N136,caused_by
N137,N136,caused_by
N138,N136,caused_by
N139,N136,caused_by
N120,N136,is_a_risk_factor_of
N140,N136,is_a_risk_factor_of
N141,N136,can_cause
N143,N142,caused_by
N144,N142,caused_by
N145,N142,caused_by
N30,N142,caused_by
N146,N142,caused_by
N147,N142,is_a_risk_factor_of
N148,N142,is_a_risk_factor_of
N133,N142,is_a_risk_factor_of
N143,N149,caused_by
N150,N149,caused_by
N151,N149,caused_by
N145,N149,caused_by
N152,N149,caused_by
N153,N149,caused_by
N154,N149,caused_by
N146,N149,caused_by
N143,N155,caused_by
N150,N155,caused_by
N145,N155,caused_by
N156,N155,caused_by
N157,N155,caused_by
N146,N155,caused_by
N158,N155,is_a_risk_factor_of
N120,N155,is_a_risk_factor_of
N159,N155,is_a_risk_factor_of
N161,N160,caused_by
N2,N160,caused_by
N143,N160,caused_by
N125,N160,caused_by
N162,N160,caused_by
N30,N160,caused_by
N146,N160,caused_by
N164,N163,caused_by
N165,N163,caused_by
N143,N163,caused_by
N30,N163,caused_by
N166,N163,caused_by
N146,N163,caused_by
N168,N167,caused_by
N169,N167,caused_by
N143,N167,caused_by
N150,N167,caused_by
N139,N167,caused_by
N73,N167,caused_by
N170,N167,caused_by
N128,N167,caused_by
N145,N167,caused_by
N171,N167,caused_by
N172,N167,caused_by
N156,N167,caused_by
N173,N167,caused_by
N174,N167,is_a_risk_factor_of
N175,N167,can_cause
N176,N167,can_cause
N16,N177,caused_by
N178,N177,caused_by
N83,N177,caused_by
N38,N177,caused_by
N18,N177,caused_by
N179,N177,caused_by
N86,N177,caused_by
N180,N177,caused_by
N181,N177,caused_by
N88,N177,caused_by
N182,N177,caused_by
N183,N177,caused_by
N184,N177,caused_by
N185,N177,caused_by
N186,N177,caused_by
N187,N177,caused_by
N96,N177,caused_by
N188,N177,caused_by
N97,N177,caused_by
N189,N177,caused_by
N190,N177,caused_by
N191,N177,caused_by
N192,N177,caused_by
N53,N177,caused_by
N193,N177,caused_by
N194,N177,caused_by
N195,N177,can_cause
N196,N177,can_cause
N198,N197,caused_by
N199,N197,caused_by
N200,N197,caused_by
N201,N197,is_a_risk_factor_of
N202,N197,is_a_risk_factor_of
N203,N197,can_cause
N205,N204,caused_by
N206,N204,caused_by
N200,N204,caused_by
N207,N204,is_a_risk_factor_of
N202,N204,is_a_risk_factor_of
N203,N204,can_cause
N209,N208,caused_by
N200,N208,caused_by
N210,N208,caused_by
N211,N208,is_a_risk_factor_of
N212,N208,is_a_risk_factor_of
N213,N208,is_a_risk_factor_of
N207,N208,is_a_risk_factor_of
N214,N208,can_cause
N215,N208,can_cause
N203,N208,can_cause
N141,N208,can_cause
N217,N216,caused_by
N218,N216,caused_by
N200,N216,caused_by
N219,N216,caused_by
N212,N216,is_a_risk_factor_of
N220,N216,is_a_risk_factor_of
N214,N216,can_cause
N203,N216,can_cause
N217,N221,caused_by
N222,N221,caused_by
N200,N221,caused_by
N223,N221,caused_by
N212,N221,is_a_risk_factor_of
N224,N221,is_a_risk_factor_of
N214,N221,can_cause
N203,N221,can_cause
N226,N225,caused_by
N227,N225,caused_by
N228,N225,caused_by
N2,N225,caused_by
N229,N225,caused_by
N230,N225,caused_by
N231,N225,caused_by
N200,N225,caused_by
N232,N225,caused_by
N96,N225,caused_by
N233,N225,can_cause
N234,N225,can_cause
N235,N225,can_cause
N236,N225,can_cause
N237,N225,can_cause
N238,N225,can_cause
N239,N225,can_cause
N240,N225,can_cause
N227,N241,caused_by
N228,N241,caused_by
N229,N241,caused_by
N230,N241,caused_by
N200,N241,caused_by
N232,N241,caused_by
N96,N241,caused_by
N233,N241,can_cause
N234,N241,can_cause
N235,N241,can_cause
N242,N241,can_cause
N236,N241,can_cause
N237,N241,can_cause
N238,N241,can_cause
N239,N241,can_cause
N240,N241,can_cause
N219,N243,caused_by
N227,N243,caused_by
N244,N243,caused_by
N245,N243,caused_by
N246,N243,caused_by
N229,N243,caused_by
N200,N243,caused_by
N247,N243,caused_by
N248,N243,is_a_risk_factor_of
N249,N243,is_a_risk_factor_of
N250,N243,is_a_risk_factor_of
N251,N243,is_a_risk_factor_of
N253,N252,caused_by
N254,N252,caused_by
N229,N252,caused_by
N255,N252,caused_by
N256,N252,caused_by
N258,N257,caused_by
N259,N257,caused_by
N1,N257,caused_by
N260,N257,caused_by
N261,N257,caused_by
N6,N257,caused_by
N8,N257,caused_by
N9,N257,caused_by
N262,N257,caused_by
N11,N257,caused_by
N263,N257,is_a_risk_factor_of
N264,N257,is_a_risk_factor_of
N265,N257,can_cause
N266,N257,can_cause
N267,N257,can_cause
N57,N257,can_cause
N269,N268,caused_by
N270,N268,caused_by
N271,N268,caused_by
N130,N268,caused_by
N86,N268,caused_by
N272,N268,caused_by
N273,N268,is_a_risk_factor_of
N274,N268,can_cause
N238,N268,can_cause
N275,N268,can_cause
N229,N276,caused_by
N228,N276,caused_by
N277,N276,is_a_risk_factor_of
N278,N276,is_a_risk_factor_of
N228,N279,caused_by
N186,N279,caused_by
N280,N279,caused_by
N281,N279,caused_by
N229,N279,caused_by
N230,N279,caused_by
N200,N279,caused_by
N232,N279,caused_by
N96,N279,caused_by
N234,N279,can_cause
N233,N279,can_cause
N282,N279,can_cause
N235,N279,can_cause
N242,N279,can_cause
N238,N279,can_cause
N239,N279,can_cause
N284,N283,caused_by
N118,N283,caused_by
N285,N283,caused_by
N286,N283,caused_by
N287,N283,can_cause
N288,N283,can_cause
N289,N283,can_cause
N113,N283,can_cause
N291,N290,caused_by
N43,N290,caused_by
N292,N290,caused_by
N293,N290,caused_by
N294,N290,caused_by
N9,N290,caused_by
N295,N290,caused_by
N95,N290,caused_by
N118,N290,caused_by
N296,N290,can_cause
N297,N290,can_cause
N64,N290,can_cause
N43,N298,caused_by
N293,N298,caused_by
N9,N298,caused_by
N295,N298,caused_by
N299,N298,caused_by
N118,N298,caused_by
N300,N298,is_a_risk_factor_of
N301,N298,is_a_risk_factor_of
N303,N302,caused_by
N304,N302,caused_by
N305,N302,caused_by
N118,N302,caused_by
N300,N302,is_a_risk_factor_of
N307,N306,caused_by
N308,N306,caused_by
N304,N306,caused_by
N305,N306,caused_by
N118,N306,caused_by
N119,N306,is_a_risk_factor_of
N112,N306,can_cause
N111,N306,can_cause
N310,N309,caused_by
N118,N309,caused_by
N311,N309,is_a_risk_factor_of
N312,N309,can_cause
N118,N313,caused_by
N119,N313,is_a_risk_factor_of
N315,N314,caused_by
N316,N314,caused_by
N118,N314,caused_by
N315,N317,caused_by
N316,N317,caused_by
N130,N317,caused_by
N318,N317,caused_by
N118,N317,caused_by
N319,N317,is_a_risk_factor_of
N320,N317,is_a_risk_factor_of
N120,N317,is_a_risk_factor_of
N321,N317,is_a_risk_factor_of
N123,N317,can_cause
N322,N317,can_cause
N64,N317,can_cause
N323,N317,can_cause
N61,N317,can_cause
N324,N317,can_cause
N63,N317,can_cause
N325,N317,can_cause
N134,N317,can_cause
N326,N317,can_cause
N327,N317,can_cause
N328,N317,can_cause
N329,N317,can_cause
N330,N317,can_cause
N331,N317,can_cause
N332,N317,can_cause
N333,N317,can_cause
N238,N317,can_cause
N334,N317,can_cause
N335,N317,can_cause
N30,N336,caused_by
N31,N336,caused_by
N337,N336,caused_by
N120,N336,is_a_risk_factor_of
N338,N336,is_a_risk_factor_of
N30,N339,caused_by
N31,N339,caused_by
N340,N339,is_a_risk_factor_of
N120,N339,is_a_risk_factor_of
N341,N339,is_a_risk_factor_of
N343,N342,caused_by
N344,N342,caused_by
N30,N342,caused_by
N31,N342,caused_by
N346,N345,caused_by
N347,N345,caused_by
N348,N345,caused_by
N343,N345,caused_by
N50,N345,caused_by
N349,N345,caused_by
N191,N345,caused_by
N53,N345,caused_by
N31,N345,caused_by
N350,N345,caused_by
N351,N345,is_a_risk_factor_of
N352,N345,is_a_risk_factor_of
N353,N345,is_a_risk_factor_of
N354,N345,is_a_risk_factor_of
N355,N345,is_a_risk_factor_of
N356,N345,can_cause
N357,N345,can_cause
N358,N345,can_cause
N343,N359,caused_by
N31,N359,caused_by
N360,N359,is_a_risk_factor_of
N361,N359,is_a_risk_factor_of
N25,N362,caused_by
N21,N362,caused_by
N23,N362,caused_by
N343,N362,caused_by
N363,N362,caused_by
N26,N362,caused_by
N31,N362,caused_by
N343,N364,caused_by
N365,N364,caused_by
N31,N364,caused_by
N366,N364,caused_by
N343,N367,caused_by
N24,N367,caused_by
N31,N367,caused_by
N360,N367,is_a_risk_factor_of
N368,N367,is_a_risk_factor_of
N369,N367,is_a_risk_factor_of
N370,N367,is_a_risk_factor_of
N372,N371,caused_by
N31,N371,caused_by
N373,N371,caused_by
N86,N371,caused_by
N374,N371,caused_by
N261,N371,caused_by
N375,N371,caused_by
N376,N371,caused_by
N350,N371,caused_by
N24,N371,caused_by
N169,N371,caused_by
N377,N371,caused_by
N378,N371,caused_by
N46,N371,caused_by
N95,N371,caused_by
N379,N371,caused_by
N380,N371,caused_by
N30,N371,caused_by
N32,N371,caused_by
N100,N371,caused_by
N119,N371,is_a_risk_factor_of
N111,N371,can_cause
N381,N371,can_cause
N270,N382,caused_by
N383,N382,caused_by
N384,N382,caused_by
N271,N382,caused_by
N385,N382,caused_by
N380,N386,caused_by
N387,N386,caused_by
N31,N386,caused_by
N388,N386,caused_by
N389,N386,can_cause
N390,N386,can_cause
N326,N386,can_cause
N64,N386,can_cause
N392,N391,caused_by
N393,N391,caused_by
N31,N391,caused_by
N394,N391,is_a_risk_factor_of
N395,N391,is_a_risk_factor_of
N392,N396,caused_by
N380,N396,caused_by
N397,N396,caused_by
N31,N396,caused_by
N394,N396,is_a_risk_factor_of
N398,N396,is_a_risk_factor_of
N400,N399,caused_by
N401,N399,caused_by
N380,N399,caused_by
N402,N399,caused_by
N31,N399,caused_by
N403,N399,caused_by
N355,N399,is_a_risk_factor_of
N405,N404,caused_by
N31,N404,caused_by
N406,N404,caused_by
N348,N404,caused_by
N407,N404,caused_by
N376,N404,caused_by
N408,N404,caused_by
N409,N404,caused_by
N184,N404,caused_by
N169,N404,caused_by
N410,N404,caused_by
N94,N404,caused_by
N411,N404,caused_by
N412,N404,caused_by
N413,N404,caused_by
N414,N404,caused_by
N415,N404,caused_by
N416,N404,caused_by
N417,N404,caused_by
N100,N404,caused_by
N418,N404,is_a_risk_factor_of
N419,N404,is_a_risk_factor_of
N357,N404,can_cause
N420,N404,can_cause
N421,N404,can_cause
N297,N404,can_cause
N422,N404,can_cause
N64,N404,can_cause
N66,N404,can_cause
N423,N404,can_cause
N348,N424,caused_by
N410,N424,caused_by
N425,N424,caused_by
N426,N424,caused_by
N31,N424,caused_by
N427,N424,caused_by
N100,N424,caused_by
N429,N428,caused_by
N38,N428,caused_by
N430,N428,is_a_risk_factor_of
N431,N428,is_a_risk_factor_of
N433,N432,caused_by
N270,N432,caused_by
N434,N432,caused_by
N271,N432,caused_by
N435,N432,caused_by
N436,N432,caused_by
N130,N432,caused_by
N437,N432,caused_by
N96,N432,caused_by
N248,N432,is_a_risk_factor_of
N438,N432,is_a_risk_factor_of
N120,N432,is_a_risk_factor_of
N273,N432,is_a_risk_factor_of
N275,N432,can_cause
N440,N439,caused_by
N441,N439,caused_by
N254,N439,caused_by
N442,N439,caused_by
N38,N439,caused_by
N443,N439,caused_by
N444,N439,caused_by
N96,N439,caused_by
N445,N439,caused_by
N446,N439,is_a_risk_factor_of
N248,N439,is_a_risk_factor_of
N352,N439,is_a_risk_factor_of
N447,N439,is_a_risk_factor_of
N254,N448,caused_by
N449,N448,caused_by
N450,N448,caused_by
N446,N448,is_a_risk_factor_of
N248,N448,is_a_risk_factor_of
N451,N448,is_a_risk_factor_of
N254,N452,caused_by
N449,N452,caused_by
N450,N452,caused_by
N453,N452,is_a_risk_factor_of
N248,N452,is_a_risk_factor_of
N454,N452,is_a_risk_factor_of
N455,N452,can_cause
N456,N452,can_cause
N458,N457,caused_by
N346,N457,caused_by
N459,N457,caused_by
N460,N457,caused_by
N461,N457,caused_by
N450,N457,caused_by
N97,N457,caused_by
N462,N457,caused_by
N463,N457,caused_by
N96,N457,caused_by
N293,N457,caused_by
N464,N457,caused_by
N465,N457,caused_by
N466,N457,caused_by
N467,N457,caused_by
N99,N457,caused_by
N468,N457,caused_by
N412,N457,caused_by
N469,N457,is_a_risk_factor_of
N470,N457,is_a_risk_factor_of
N471,N457,can_cause
N472,N457,can_cause
N473,N457,can_cause
N275,N457,can_cause
N474,N457,can_cause
N238,N457,can_cause
N476,N475,caused_by
N2,N475,caused_by
N477,N475,caused_by
N186,N475,caused_by
N47,N475,caused_by
N304,N475,caused_by
N190,N475,caused_by
N478,N475,caused_by
N44,N475,caused_by
N479,N475,caused_by
N46,N475,caused_by
N9,N475,caused_by
N480,N475,caused_by
N286,N475,caused_by
N96,N475,caused_by
N481,N475,is_a_risk_factor_of
N483,N482,caused_by
N484,N482,caused_by
N2,N482,caused_by
N477,N482,caused_by
N481,N482,is_a_risk_factor_of
N485,N482,is_a_risk_factor_of
N483,N486,caused_by
N259,N486,caused_by
N2,N486,caused_by
N186,N486,caused_by
N477,N486,caused_by
N4,N486,caused_by
N487,N486,caused_by
N9,N486,caused_by
N488,N486,caused_by
N96,N486,caused_by
N2,N489,caused_by
N43,N489,caused_by
N477,N489,caused_by
N490,N489,caused_by
N491,N489,caused_by
N251,N489,is_a_risk_factor_of
N14,N489,can_cause
N282,N489,can_cause
N492,N489,can_cause
N493,N489,can_cause
N238,N489,can_cause
N330,N489,can_cause
N494,N489,can_cause
N240,N489,can_cause
N291,N495,caused_by
N2,N495,caused_by
N477,N495,caused_by
N186,N495,caused_by
N496,N495,caused_by
N4,N495,caused_by
N190,N495,caused_by
N497,N495,caused_by
N9,N495,caused_by
N480,N495,caused_by
N498,N495,caused_by
N499,N495,caused_by
N226,N500,caused_by
N480,N500,caused_by
N477,N500,caused_by
N186,N500,caused_by
N501,N500,caused_by
N2,N500,caused_by
N4,N500,caused_by
N9,N500,caused_by
N465,N500,caused_by
N299,N500,caused_by
N502,N500,caused_by
N96,N500,caused_by
N481,N500,is_a_risk_factor_of
N384,N503,caused_by
N504,N503,caused_by
N270,N503,caused_by
N271,N503,caused_by
N505,N503,is_a_risk_factor_of
N506,N503,is_a_risk_factor_of
N384,N507,caused_by
N2,N507,caused_by
N508,N507,is_a_risk_factor_of
N506,N507,is_a_risk_factor_of
N510,N509,caused_by
N2,N509,caused_by
N38,N509,caused_by
N384,N509,caused_by
N96,N509,caused_by
N511,N509,caused_by
N122,N509,is_a_risk_factor_of
N513,N512,caused_by
N510,N512,caused_by
N514,N512,caused_by
N2,N512,caused_by
N515,N512,caused_by
N38,N512,caused_by
N516,N512,caused_by
N497,N512,caused_by
N517,N512,caused_by
N9,N512,caused_by
N299,N512,caused_by
N466,N512,caused_by
N86,N512,caused_by
N96,N512,caused_by
N511,N512,caused_by
N266,N512,can_cause
N518,N512,can_cause
N520,N519,caused_by
N96,N519,caused_by
N521,N519,caused_by
N523,N522,caused_by
N86,N522,caused_by
N90,N522,caused_by
N524,N522,caused_by
N525,N522,caused_by
N186,N522,caused_by
N526,N522,caused_by
N7,N522,caused_by
N527,N522,caused_by
N528,N522,caused_by
N9,N522,caused_by
N95,N522,caused_by
N96,N522,caused_by
N347,N522,caused_by
N97,N522,caused_by
N50,N522,caused_by
N51,N522,caused_by
N529,N522,caused_by
N530,N522,caused_by
N191,N522,caused_by
N54,N522,caused_by
N531,N522,is_a_risk_factor_of
N250,N522,is_a_risk_factor_of
N265,N522,can_cause
N532,N522,can_cause
N533,N522,can_cause
N534,N522,can_cause
N64,N522,can_cause
N535,N522,can_cause
N420,N522,can_cause
N356,N522,can_cause
N74,N522,can_cause
N322,N522,can_cause
N536,N522,can_cause
N238,N522,can_cause
N330,N522,can_cause
N537,N522,can_cause
N538,N522,can_cause
N539,N522,can_cause
N47,N540,caused_by
N186,N540,caused_by
N285,N540,caused_by
N38,N540,caused_by
N541,N540,caused_by
N52,N540,caused_by
N286,N540,caused_by
N542,N540,caused_by
N96,N540,caused_by
N543,N540,caused_by
N56,N540,can_cause
N544,N540,can_cause
N545,N540,can_cause
N538,N540,can_cause
N546,N540,can_cause
N513,N547,caused_by
N548,N547,caused_by
N549,N547,caused_by
N550,N547,caused_by
N517,N547,caused_by
N95,N547,caused_by
N466,N547,caused_by
N77,N547,caused_by
N551,N547,caused_by
N552,N547,caused_by
N553,N547,is_a_risk_factor_of
N554,N547,is_a_risk_factor_of
N555,N547,can_cause
N513,N556,caused_by
N466,N556,caused_by
N557,N556,caused_by
N555,N556,can_cause
N558,N556,can_cause
N559,N556,can_cause
N513,N560,caused_by
N557,N560,caused_by
N77,N560,caused_by
N561,N560,caused_by
N96,N560,caused_by
N562,N560,caused_by
N517,N560,caused_by
N479,N560,caused_by
N9,N560,caused_by
N466,N560,caused_by
N86,N560,caused_by
N551,N560,caused_by
N543,N560,caused_by
N563,N560,can_cause
N465,N564,caused_by
N466,N564,caused_by
N565,N564,is_a_risk_factor_of
N352,N564,is_a_risk_factor_of
N566,N564,can_cause
N326,N564,can_cause
N465,N567,caused_by
N568,N567,caused_by
N466,N567,caused_by
N515,N567,caused_by
N569,N567,is_a_risk_factor_of
N570,N567,is_a_risk_factor_of
N571,N567,can_cause
N573,N572,caused_by
N574,N572,caused_by
N575,N572,caused_by
N270,N572,caused_by
N576,N572,caused_by
N577,N572,caused_by
N578,N572,caused_by
N96,N572,caused_by
N579,N572,is_a_risk_factor_of
N580,N572,is_a_risk_factor_of
N265,N572,can_cause
N581,N572,can_cause
N56,N572,can_cause
N14,N572,can_cause
N563,N572,can_cause
N544,N572,can_cause
N60,N572,can_cause
N322,N572,can_cause
N582,N572,can_cause
N583,N572,can_cause
N335,N572,can_cause
N585,N584,caused_by
N548,N584,caused_by
N304,N584,caused_by
N286,N584,caused_by
N586,N584,caused_by
N466,N584,caused_by
N587,N584,caused_by
N585,N588,caused_by
N548,N588,caused_by
N589,N588,caused_by
N590,N588,caused_by
N466,N588,caused_by
N592,N591,caused_by
N574,N591,caused_by
N593,N591,caused_by
N270,N591,caused_by
N594,N591,caused_by
N595,N591,caused_by
N86,N591,caused_by
N389,N591,can_cause
N597,N596,caused_by
N598,N596,caused_by
N37,N596,caused_by
N599,N596,caused_by
N600,N596,caused_by
N4,N596,caused_by
N601,N596,caused_by
N602,N596,caused_by
N270,N596,caused_by
N603,N596,caused_by
N604,N596,caused_by
N605,N596,caused_by
N86,N596,caused_by
N606,N596,caused_by
N607,N596,caused_by
N608,N596,is_a_risk_factor_of
N609,N596,can_cause
N597,N610,caused_by
N611,N610,caused_by
N47,N610,caused_by
N600,N610,caused_by
N44,N610,caused_by
N602,N610,caused_by
N270,N610,caused_by
N605,N610,caused_by
N607,N610,caused_by
N612,N610,can_cause
N613,N610,can_cause
N614,N610,can_cause
N615,N610,can_cause
N539,N610,can_cause
N616,N610,can_cause
N287,N610,can_cause
N617,N610,can_cause
N618,N610,can_cause
N270,N619,caused_by
N620,N619,caused_by
N578,N619,caused_by
N605,N619,caused_by
N621,N619,is_a_risk_factor_of
N622,N619,is_a_risk_factor_of
N623,N619,is_a_risk_factor_of
N88,N624,caused_by
N625,N624,caused_by
N626,N624,is_a_risk_factor_of
N320,N624,is_a_risk_factor_of
N91,N627,caused_by
N92,N627,caused_by
N628,N627,caused_by
N374,N627,caused_by
N184,N627,caused_by
N96,N627,caused_by
N629,N627,caused_by
N434,N627,caused_by
N630,N627,caused_by
N88,N627,caused_by
N84,N627,caused_by
N89,N627,caused_by
N436,N627,caused_by
N9,N627,caused_by
N299,N627,caused_by
N86,N627,caused_by
N99,N627,caused_by
N120,N627,is_a_risk_factor_of
N631,N627,is_a_risk_factor_of
N632,N627,can_cause
N287,N627,can_cause
N104,N627,can_cause
N633,N627,can_cause
N634,N627,can_cause
N636,N635,caused_by
N51,N635,caused_by
N576,N635,caused_by
N434,N635,caused_by
N87,N635,caused_by
N88,N635,caused_by
N594,N635,caused_by
N637,N635,caused_by
N427,N635,caused_by
N96,N635,caused_by
N638,N635,is_a_risk_factor_of
N639,N635,is_a_risk_factor_of
N640,N635,is_a_risk_factor_of
N470,N635,is_a_risk_factor_of
N641,N635,is_a_risk_factor_of
N267,N635,can_cause
N642,N635,can_cause
N275,N635,can_cause
N238,N635,can_cause
N287,N635,can_cause
N64,N635,can_cause
N88,N643,caused_by
N637,N643,caused_by
N320,N643,is_a_risk_factor_of
N249,N643,is_a_risk_factor_of
N640,N643,is_a_risk_factor_of
N645,N644,caused_by
N646,N644,caused_by
N88,N644,caused_by
N647,N644,caused_by
N86,N644,caused_by
N648,N644,can_cause
N649,N644,can_cause
N275,N644,can_cause
N650,N644,can_cause
N258,N651,caused_by
N259,N651,caused_by
N652,N651,caused_by
N8,N651,caused_by
N11,N651,caused_by
N653,N651,is_a_risk_factor_of
N88,N654,caused_by
N96,N654,caused_by
N655,N654,caused_by
N267,N654,can_cause
N649,N654,can_cause
N83,N656,caused_by
N88,N656,caused_by
N86,N656,caused_by
N561,N656,caused_by
N657,N656,is_a_risk_factor_of
N658,N656,is_a_risk_factor_of
N188,N659,caused_by
N83,N659,caused_by
N181,N659,caused_by
N38,N659,caused_by
N660,N659,caused_by
N88,N659,caused_by
N179,N659,caused_by
N9,N659,caused_by
N480,N659,caused_by
N661,N659,caused_by
N86,N659,caused_by
N194,N659,caused_by
N195,N659,can_cause
N662,N659,can_cause
N664,N663,caused_by
N88,N663,caused_by
N665,N663,caused_by
N83,N663,caused_by
N666,N663,can_cause
N662,N663,can_cause
N96,N667,caused_by
N529,N667,caused_by
N629,N667,caused_by
N88,N667,caused_by
N603,N667,caused_by
N668,N667,caused_by
N436,N667,caused_by
N577,N667,caused_by
N669,N667,caused_by
N99,N667,caused_by
N670,N667,is_a_risk_factor_of
N623,N667,is_a_risk_factor_of
N671,N667,can_cause
N672,N667,can_cause
N673,N667,can_cause
N675,N674,caused_by
N374,N674,caused_by
N96,N674,caused_by
N676,N674,caused_by
N629,N674,caused_by
N88,N674,caused_by
N677,N674,caused_by
N436,N674,caused_by
N184,N674,caused_by
N678,N674,caused_by
N99,N674,caused_by
N679,N674,is_a_risk_factor_of
N680,N674,is_a_risk_factor_of
N681,N674,can_cause
N682,N674,can_cause
N683,N674,can_cause
N684,N674,can_cause
N685,N674,can_cause
N686,N674,can_cause
N258,N687,caused_by
N11,N687,caused_by
N688,N687,can_cause
N690,N689,caused_by
N691,N689,caused_by
N629,N689,caused_by
N434,N689,caused_by
N88,N689,caused_by
N84,N689,caused_by
N692,N689,caused_by
N436,N689,caused_by
N90,N689,caused_by
N693,N689,caused_by
N480,N689,caused_by
N99,N689,caused_by
N606,N689,caused_by
N694,N689,can_cause
N695,N689,can_cause
N330,N689,can_cause
N697,N696,caused_by
N88,N696,caused_by
N594,N696,caused_by
N436,N696,caused_by
N435,N696,caused_by
N86,N696,caused_by
N698,N696,can_cause
N700,N699,caused_by
N88,N699,caused_by
N701,N699,caused_by
N436,N699,caused_by
N435,N699,caused_by
N96,N699,caused_by
N702,N699,is_a_risk_factor_of
N704,N703,caused_by
N705,N703,caused_by
N706,N703,caused_by
N188,N703,caused_by
N285,N703,caused_by
N707,N703,caused_by
N434,N703,caused_by
N708,N703,caused_by
N701,N703,caused_by
N594,N703,caused_by
N436,N703,caused_by
N709,N703,caused_by
N9,N703,caused_by
N286,N703,caused_by
N299,N703,caused_by
N710,N703,caused_by
N99,N703,caused_by
N711,N703,caused_by
N712,N703,is_a_risk_factor_of
N249,N703,is_a_risk_factor_of
N640,N703,is_a_risk_factor_of
N357,N703,can_cause
N713,N703,can_cause
N642,N703,can_cause
N714,N703,can_cause
N422,N703,can_cause
N715,N703,can_cause
N716,N703,can_cause
N717,N703,can_cause
N719,N718,caused_by
N374,N718,caused_by
N50,N718,caused_by
N720,N718,caused_by
N721,N718,caused_by
N411,N718,caused_by
N722,N718,caused_by
N436,N718,caused_by
N9,N718,caused_by
N723,N718,caused_by
N724,N718,caused_by
N413,N718,caused_by
N99,N718,caused_by
N712,N718,is_a_risk_factor_of
N438,N718,is_a_risk_factor_of
N120,N718,is_a_risk_factor_of
N640,N718,is_a_risk_factor_of
N726,N725,caused_by
N727,N725,caused_by
N728,N725,caused_by
N708,N725,caused_by
N86,N725,caused_by
N729,N725,caused_by
N730,N725,caused_by
N731,N725,caused_by
N732,N725,caused_by
N88,N725,caused_by
N376,N725,caused_by
N733,N725,caused_by
N480,N725,caused_by
N299,N725,caused_by
N734,N725,caused_by
N735,N725,caused_by
N736,N725,caused_by
N169,N725,caused_by
N434,N725,caused_by
N630,N725,caused_by
N594,N725,caused_by
N737,N725,caused_by
N738,N725,caused_by
N95,N725,caused_by
N739,N725,caused_by
N740,N725,caused_by
N741,N725,caused_by
N98,N725,caused_by
N436,N725,caused_by
N742,N725,is_a_risk_factor_of
N743,N725,is_a_risk_factor_of
N357,N725,can_cause
N555,N725,can_cause
N685,N725,can_cause
N422,N725,can_cause
N64,N725,can_cause
N66,N725,can_cause
N744,N725,can_cause
N258,N745,caused_by
N746,N745,caused_by
N747,N745,caused_by
N748,N745,caused_by
N11,N745,caused_by
N749,N745,can_cause
N750,N745,can_cause
N188,N751,caused_by
N752,N751,caused_by
N9,N751,caused_by
N753,N751,caused_by
N320,N751,is_a_risk_factor_of
N754,N751,is_a_risk_factor_of
N755,N751,is_a_risk_factor_of
N248,N751,is_a_risk_factor_of
N756,N751,is_a_risk_factor_of
N249,N751,is_a_risk_factor_of
N355,N751,is_a_risk_factor_of
N757,N751,is_a_risk_factor_of
N758,N751,can_cause
N759,N751,can_cause
N267,N751,can_cause
N389,N751,can_cause
N456,N751,can_cause
N266,N751,can_cause
N760,N751,can_cause
N287,N751,can_cause
N331,N751,can_cause
N188,N761,caused_by
N762,N761,caused_by
N754,N761,is_a_risk_factor_of
N764,N763,caused_by
N188,N763,caused_by
N765,N763,is_a_risk_factor_of
N346,N766,caused_by
N450,N766,caused_by
N43,N766,caused_by
N188,N766,caused_by
N285,N766,caused_by
N127,N766,caused_by
N767,N766,caused_by
N707,N766,caused_by
N768,N766,caused_by
N769,N766,caused_by
N770,N766,caused_by
N70,N766,caused_by
N286,N766,caused_by
N467,N766,caused_by
N96,N766,caused_by
N771,N766,caused_by
N355,N766,is_a_risk_factor_of
N642,N766,can_cause
N772,N766,can_cause
N238,N766,can_cause
N773,N766,can_cause
N774,N766,can_cause
N188,N775,caused_by
N776,N775,caused_by
N292,N775,caused_by
N777,N775,caused_by
N778,N775,caused_by
N779,N775,caused_by
N213,N775,is_a_risk_factor_of
N640,N775,is_a_risk_factor_of
N664,N780,caused_by
N781,N780,caused_by
N188,N780,caused_by
N195,N780,can_cause
N666,N780,can_cause
N783,N782,caused_by
N188,N782,caused_by
N191,N782,caused_by
N630,N782,caused_by
N408,N782,caused_by
N9,N782,caused_by
N96,N782,caused_by
N784,N782,is_a_risk_factor_of
N195,N782,can_cause
N16,N785,caused_by
N138,N785,caused_by
N349,N785,caused_by
N18,N785,caused_by
N786,N785,caused_by
N585,N785,caused_by
N787,N785,caused_by
N496,N785,caused_by
N180,N785,caused_by
N768,N785,caused_by
N466,N785,caused_by
N788,N785,caused_by
N377,N785,caused_by
N789,N785,caused_by
N450,N785,caused_by
N188,N785,caused_by
N97,N785,caused_by
N790,N785,caused_by
N192,N785,caused_by
N53,N785,caused_by
N30,N785,caused_by
N32,N785,caused_by
N791,N785,caused_by
N792,N785,caused_by
N451,N785,is_a_risk_factor_of
N793,N785,can_cause
N215,N785,can_cause
N794,N785,can_cause
N195,N785,can_cause
N795,N785,can_cause
N797,N796,caused_by
N798,N796,caused_by
N599,N796,caused_by
N799,N796,caused_by
N606,N796,caused_by
N800,N796,caused_by
N801,N796,caused_by
N286,N796,caused_by
N802,N796,caused_by
N803,N796,caused_by
N600,N796,caused_by
N804,N796,caused_by
N805,N796,caused_by
N604,N796,caused_by
N130,N796,caused_by
N806,N796,caused_by
N807,N796,caused_by
N47,N796,caused_by
N690,N796,caused_by
N602,N796,caused_by
N265,N796,can_cause
N267,N796,can_cause
N681,N796,can_cause
N612,N796,can_cause
N563,N796,can_cause
N614,N796,can_cause
N330,N796,can_cause
N808,N796,can_cause
N797,N809,caused_by
N798,N809,caused_by
N599,N809,caused_by
N799,N809,caused_by
N606,N809,caused_by
N800,N809,caused_by
N801,N809,caused_by
N286,N809,caused_by
N802,N809,caused_by
N803,N809,caused_by
N600,N809,caused_by
N44,N809,caused_by
N804,N809,caused_by
N805,N809,caused_by
N604,N809,caused_by
N806,N809,caused_by
N607,N809,caused_by
N611,N809,caused_by
N47,N809,caused_by
N690,N809,caused_by
N602,N809,caused_by
N810,N809,can_cause
N613,N809,can_cause
N612,N809,can_cause
N614,N809,can_cause
N615,N809,can_cause
N539,N809,can_cause
N616,N809,can_cause
N617,N809,can_cause
N618,N809,can_cause
N797,N811,caused_by
N611,N811,caused_by
N798,N811,caused_by
N812,N811,caused_by
N813,N811,caused_by
N602,N811,caused_by
N607,N811,caused_by
N810,N811,can_cause
N613,N811,can_cause
N612,N811,can_cause
N614,N811,can_cause
N615,N811,can_cause
N539,N811,can_cause
N616,N811,can_cause
N617,N811,can_cause
N618,N811,can_cause
N797,N814,caused_by
N798,N814,caused_by
N800,N814,caused_by
N44,N814,caused_by
N815,N814,caused_by
N816,N814,caused_by
N817,N814,is_a_risk_factor_of
N818,N814,is_a_risk_factor_of
N265,N814,can_cause
N533,N814,can_cause
N322,N814,can_cause
N609,N814,can_cause
N684,N814,can_cause
N808,N814,can_cause
N583,N814,can_cause
N803,N819,caused_by
N820,N819,caused_by
N797,N819,caused_by
N800,N819,caused_by
N798,N819,caused_by
N821,N819,caused_by
N374,N819,caused_by
N462,N819,caused_by
N822,N819,caused_by
N804,N819,caused_by
N823,N819,caused_by
N30,N819,caused_by
N824,N819,caused_by
N96,N819,caused_by
N815,N819,caused_by
N816,N819,caused_by
N817,N819,is_a_risk_factor_of
N818,N819,is_a_risk_factor_of
N825,N819,can_cause
N747,N826,caused_by
N11,N826,caused_by
N827,N826,can_cause
N828,N826,can_cause
N820,N829,caused_by
N798,N829,caused_by
N2,N829,caused_by
N821,N829,caused_by
N830,N829,caused_by
N462,N829,caused_by
N44,N829,caused_by
N293,N829,caused_by
N804,N829,caused_by
N46,N829,caused_by
N286,N829,caused_by
N806,N829,caused_by
N831,N829,caused_by
N131,N829,is_a_risk_factor_of
N120,N829,is_a_risk_factor_of
N609,N829,can_cause
N322,N829,can_cause
N820,N832,caused_by
N798,N832,caused_by
N2,N832,caused_by
N830,N832,caused_by
N293,N832,caused_by
N804,N832,caused_by
N30,N832,caused_by
N831,N832,caused_by
N131,N832,is_a_risk_factor_of
N120,N832,is_a_risk_factor_of
N798,N833,caused_by
N462,N833,caused_by
N834,N833,caused_by
N835,N833,caused_by
N285,N833,caused_by
N293,N833,caused_by
N464,N833,caused_by
N479,N833,caused_by
N9,N833,caused_by
N465,N833,caused_by
N96,N833,caused_by
N99,N833,caused_by
N446,N833,is_a_risk_factor_of
N836,N833,is_a_risk_factor_of
N837,N833,is_a_risk_factor_of
N563,N833,can_cause
N838,N833,can_cause
N322,N833,can_cause
N64,N833,can_cause
N808,N833,can_cause
N840,N839,caused_by
N747,N839,caused_by
N11,N839,caused_by
N446,N839,is_a_risk_factor_of
N841,N839,is_a_risk_factor_of
N842,N839,can_cause
N828,N839,can_cause
N840,N843,caused_by
N844,N843,caused_by
N798,N843,caused_by
N845,N843,caused_by
N846,N843,caused_by
N86,N843,caused_by
N840,N847,caused_by
N845,N847,caused_by
N848,N847,caused_by
N798,N847,caused_by
N849,N847,is_a_risk_factor_of
N446,N847,is_a_risk_factor_of
N2,N850,caused_by
N286,N850,caused_by
N285,N850,caused_by
N851,N850,caused_by
N852,N850,caused_by
N853,N850,caused_by
N69,N850,caused_by
N854,N850,caused_by
N855,N850,can_cause
N2,N856,caused_by
N691,N856,caused_by
N857,N856,caused_by
N46,N856,caused_by
N851,N856,caused_by
N69,N856,caused_by
N842,N856,can_cause
N855,N856,can_cause
N686,N856,can_cause
N76,N858,caused_by
N16,N858,caused_by
N164,N858,caused_by
N44,N858,caused_by
N859,N858,caused_by
N860,N858,caused_by
N69,N858,caused_by
N861,N858,is_a_risk_factor_of
N862,N858,is_a_risk_factor_of
N863,N858,is_a_risk_factor_of
N334,N858,can_cause
N865,N864,caused_by
N866,N864,caused_by
N2,N864,caused_by
N477,N864,caused_by
N867,N864,caused_by
N868,N864,caused_by
N139,N864,caused_by
N869,N864,caused_by
N870,N864,caused_by
N129,N864,caused_by
N871,N864,caused_by
N859,N864,caused_by
N853,N864,caused_by
N69,N864,caused_by
N872,N864,is_a_risk_factor_of
N120,N864,is_a_risk_factor_of
N873,N864,can_cause
N282,N864,can_cause
N874,N864,can_cause
N238,N864,can_cause
N773,N864,can_cause
N876,N875,caused_by
N866,N875,caused_by
N168,N875,caused_by
N877,N875,caused_by
N139,N875,caused_by
N44,N875,caused_by
N869,N875,caused_by
N859,N875,caused_by
N129,N875,caused_by
N835,N875,caused_by
N69,N875,caused_by
N266,N875,can_cause
N878,N875,can_cause
N288,N875,can_cause
N69,N879,caused_by
N880,N879,caused_by
N881,N879,caused_by
N286,N879,caused_by
N250,N879,is_a_risk_factor_of
N164,N882,caused_by
N2,N882,caused_by
N143,N882,caused_by
N69,N882,caused_by
N77,N882,caused_by
N883,N882,is_a_risk_factor_of
N884,N882,is_a_risk_factor_of
N885,N882,can_cause
N14,N882,can_cause
N494,N882,can_cause
N887,N886,caused_by
N888,N886,caused_by
N747,N886,caused_by
N748,N886,caused_by
N11,N886,caused_by
N883,N886,is_a_risk_factor_of
N889,N886,is_a_risk_factor_of
N890,N886,is_a_risk_factor_of
N892,N891,caused_by
N514,N891,caused_by
N47,N891,caused_by
N893,N891,caused_by
N894,N891,caused_by
N38,N891,caused_by
N69,N891,caused_by
N96,N891,caused_by
N355,N891,is_a_risk_factor_of
N320,N891,is_a_risk_factor_of
N896,N895,caused_by
N897,N895,caused_by
N898,N895,caused_by
N44,N895,caused_by
N899,N895,caused_by
N46,N895,caused_by
N286,N895,caused_by
N900,N895,caused_by
N69,N895,caused_by
N806,N895,caused_by
N579,N895,is_a_risk_factor_of
N901,N895,is_a_risk_factor_of
N56,N895,can_cause
N902,N895,can_cause
N60,N895,can_cause
N903,N895,can_cause
N614,N895,can_cause
N548,N904,caused_by
N2,N904,caused_by
N304,N904,caused_by
N905,N904,caused_by
N190,N904,caused_by
N906,N904,caused_by
N286,N904,caused_by
N907,N904,caused_by
N806,N904,caused_by
N579,N904,is_a_risk_factor_of
N908,N904,is_a_risk_factor_of
N910,N909,caused_by
N410,N909,caused_by
N911,N909,caused_by
N912,N909,caused_by
N187,N909,caused_by
N692,N909,caused_by
N286,N909,caused_by
N913,N909,is_a_risk_factor_of
N914,N909,is_a_risk_factor_of
N109,N909,is_a_risk_factor_of
N418,N909,is_a_risk_factor_of
N916,N915,caused_by
N917,N915,caused_by
N918,N915,caused_by
N286,N915,caused_by
N919,N915,is_a_risk_factor_of
N913,N915,is_a_risk_factor_of
N109,N915,is_a_risk_factor_of
N921,N920,caused_by
N477,N920,caused_by
N708,N920,caused_by
N517,N920,caused_by
N917,N920,caused_by
N922,N920,caused_by
N705,N920,caused_by
N2,N920,caused_by
N407,N920,caused_by
N286,N920,caused_by
N299,N920,caused_by
N923,N920,caused_by
N90,N920,caused_by
N706,N920,caused_by
N924,N920,caused_by
N126,N920,caused_by
N577,N920,caused_by
N594,N920,caused_by
N9,N920,caused_by
N95,N920,caused_by
N710,N920,caused_by
N413,N920,caused_by
N925,N920,caused_by
N926,N920,caused_by
N711,N920,caused_by
N927,N920,is_a_risk_factor_of
N928,N920,is_a_risk_factor_of
N265,N920,can_cause
N357,N920,can_cause
N14,N920,can_cause
N322,N920,can_cause
N808,N920,can_cause
N335,N920,can_cause
N708,N929,caused_by
N86,N929,caused_by
N930,N929,caused_by
N285,N929,caused_by
N286,N929,caused_by
N724,N929,caused_by
N299,N929,caused_by
N931,N929,caused_by
N706,N929,caused_by
N630,N929,caused_by
N411,N929,caused_by
N709,N929,caused_by
N9,N929,caused_by
N95,N929,caused_by
N710,N929,caused_by
N347,N929,caused_by
N50,N929,caused_by
N529,N929,caused_by
N711,N929,caused_by
N120,N929,is_a_risk_factor_of
N249,N929,is_a_risk_factor_of
N932,N929,is_a_risk_factor_of
N640,N929,is_a_risk_factor_of
N357,N929,can_cause
N642,N929,can_cause
N356,N929,can_cause
N714,N929,can_cause
N933,N929,can_cause
N422,N929,can_cause
N238,N929,can_cause
N287,N929,can_cause
N716,N929,can_cause
N686,N929,can_cause
N935,N934,caused_by
N936,N934,caused_by
N937,N934,caused_by
N286,N934,caused_by
N711,N934,caused_by
N405,N938,caused_by
N939,N938,caused_by
N707,N938,caused_by
N52,N938,caused_by
N32,N938,caused_by
N46,N938,caused_by
N286,N938,caused_by
N900,N938,caused_by
N860,N938,caused_by
N412,N938,caused_by
N96,N938,caused_by
N39,N938,caused_by
N940,N938,is_a_risk_factor_of
N862,N938,is_a_risk_factor_of
N214,N938,can_cause
N266,N938,can_cause
N65,N938,can_cause
N62,N938,can_cause
N16,N941,caused_by
N139,N941,caused_by
N44,N941,caused_by
N187,N941,caused_by
N286,N941,caused_by
N860,N941,caused_by
N86,N941,caused_by
N942,N941,caused_by
N862,N941,is_a_risk_factor_of
N863,N941,is_a_risk_factor_of
N119,N941,is_a_risk_factor_of
N106,N941,can_cause
N111,N941,can_cause
N238,N941,can_cause
N47,N943,caused_by
N501,N943,caused_by
N190,N943,caused_by
N804,N943,caused_by
N944,N943,caused_by
N799,N943,caused_by
N602,N943,caused_by
N945,N943,caused_by
N46,N943,caused_by
N946,N943,caused_by
N96,N943,caused_by
N947,N943,is_a_risk_factor_of
N948,N943,is_a_risk_factor_of
N120,N943,is_a_risk_factor_of
N352,N943,is_a_risk_factor_of
N265,N943,can_cause
N949,N943,can_cause
N759,N943,can_cause
N282,N943,can_cause
N950,N943,can_cause
N951,N943,can_cause
N952,N943,can_cause
N953,N943,can_cause
N331,N943,can_cause
N954,N943,can_cause
N955,N943,can_cause
N820,N956,caused_by
N515,N956,caused_by
N690,N956,caused_by
N47,N956,caused_by
N804,N956,caused_by
N602,N956,caused_by
N38,N956,caused_by
N802,N956,caused_by
N606,N956,caused_by
N849,N956,is_a_risk_factor_of
N64,N956,can_cause
N820,N957,caused_by
N462,N957,caused_by
N835,N957,caused_by
N834,N957,caused_by
N804,N957,caused_by
N293,N957,caused_by
N958,N957,caused_by
N959,N957,caused_by
N464,N957,caused_by
N9,N957,caused_by
N465,N957,caused_by
N853,N957,caused_by
N479,N957,caused_by
N463,N957,caused_by
N96,N957,caused_by
N431,N957,is_a_risk_factor_of
N960,N957,is_a_risk_factor_of
N836,N957,is_a_risk_factor_of
N249,N957,is_a_risk_factor_of
N961,N957,is_a_risk_factor_of
N563,N957,can_cause
N420,N957,can_cause
N838,N957,can_cause
N322,N957,can_cause
N64,N957,can_cause
N808,N957,can_cause
N962,N957,can_cause
N16,N963,caused_by
N168,N963,caused_by
N405,N963,caused_by
N441,N963,caused_by
N964,N963,caused_by
N88,N963,caused_by
N965,N963,caused_by
N185,N963,caused_by
N966,N963,caused_by
N967,N963,caused_by
N139,N963,caused_by
N44,N963,caused_by
N804,N963,caused_by
N968,N963,caused_by
N969,N963,caused_by
N970,N963,caused_by
N46,N963,caused_by
N9,N963,caused_by
N130,N963,caused_by
N971,N963,caused_by
N412,N963,caused_by
N190,N963,caused_by
N355,N963,is_a_risk_factor_of
N320,N963,is_a_risk_factor_of
N972,N963,is_a_risk_factor_of
N267,N963,can_cause
N973,N963,can_cause
N456,N963,can_cause
N61,N963,can_cause
N74,N963,can_cause
N974,N963,can_cause
N975,N963,can_cause
N266,N963,can_cause
N976,N963,can_cause
N44,N977,caused_by
N190,N977,caused_by
N804,N977,caused_by
N978,N977,caused_by
N185,N977,caused_by
N63,N977,can_cause
N979,N977,can_cause
N614,N977,can_cause
N130,N980,caused_by
N606,N980,caused_by
N601,N980,caused_by
N981,N980,caused_by
N817,N980,is_a_risk_factor_of
N982,N980,can_cause
N983,N980,can_cause
N287,N980,can_cause
N716,N980,can_cause
N686,N980,can_cause
N460,N984,caused_by
N462,N984,caused_by
N985,N984,caused_by
N606,N984,caused_by
N986,N984,is_a_risk_factor_of
N987,N984,is_a_risk_factor_of
N988,N984,is_a_risk_factor_of
N299,N989,caused_by
N574,N989,caused_by
N2,N989,caused_by
N186,N989,caused_by
N990,N989,caused_by
N47,N989,caused_by
N991,N989,caused_by
N96,N989,caused_by
N5,N989,caused_by
N4,N989,caused_by
N270,N989,caused_by
N577,N989,caused_by
N9,N989,caused_by
N10,N989,caused_by
N86,N989,caused_by
N99,N989,caused_by
N992,N989,caused_by
N120,N989,is_a_risk_factor_of
N639,N989,is_a_risk_factor_of
N993,N989,is_a_risk_factor_of
N265,N989,can_cause
N534,N989,can_cause
N713,N989,can_cause
N563,N989,can_cause
N356,N989,can_cause
N322,N989,can_cause
N582,N989,can_cause
N287,N989,can_cause
N808,N989,can_cause
N335,N989,can_cause
N686,N989,can_cause
N995,N994,caused_by
N691,N994,caused_by
N996,N994,is_a_risk_factor_of
N913,N994,is_a_risk_factor_of
N691,N997,caused_by
N998,N997,caused_by
N913,N997,is_a_risk_factor_of
N999,N997,is_a_risk_factor_of
N1001,N1000,caused_by
N691,N1000,caused_by
N1002,N1000,caused_by
N1003,N1000,caused_by
N376,N1000,caused_by
N1004,N1000,caused_by
N792,N1000,caused_by
N1005,N1000,is_a_risk_factor_of
N1006,N1000,can_cause
N389,N1000,can_cause
N855,N1000,can_cause
N456,N1000,can_cause
N1007,N1000,can_cause
N1008,N1000,can_cause
N64,N1000,can_cause
N1009,N1000,can_cause
N691,N1010,caused_by
N1002,N1010,caused_by
N1001,N1010,caused_by
N1005,N1010,is_a_risk_factor_of
N1011,N1010,can_cause
N892,N1012,caused_by
N896,N1012,caused_by
N1013,N1012,caused_by
N47,N1012,caused_by
N441,N1012,caused_by
N190,N1012,caused_by
N1014,N1012,caused_by
N691,N1012,caused_by
N38,N1012,caused_by
N1015,N1012,caused_by
N46,N1012,caused_by
N96,N1012,caused_by
N1016,N1012,caused_by
N248,N1012,is_a_risk_factor_of
N249,N1012,is_a_risk_factor_of
N289,N1012,can_cause
N456,N1012,can_cause
N287,N1012,can_cause
N240,N1012,can_cause
N686,N1012,can_cause
N892,N1017,caused_by
N896,N1017,caused_by
N1013,N1017,caused_by
N47,N1017,caused_by
N441,N1017,caused_by
N190,N1017,caused_by
N1014,N1017,caused_by
N691,N1017,caused_by
N38,N1017,caused_by
N1015,N1017,caused_by
N46,N1017,caused_by
N96,N1017,caused_by
N1016,N1017,caused_by
N249,N1017,is_a_risk_factor_of
N289,N1017,can_cause
N614,N1017,can_cause
N1018,N1017,can_cause
N287,N1017,can_cause
N240,N1017,can_cause
N686,N1017,can_cause
N2,N1019,caused_by
N304,N1019,caused_by
N1014,N1019,caused_by
N691,N1019,caused_by
N722,N1019,caused_by
N46,N1019,caused_by
N1016,N1019,caused_by
N4,N1020,caused_by
N1021,N1020,caused_by
N1022,N1020,is_a_risk_factor_of
N580,N1020,is_a_risk_factor_of
N892,N1023,caused_by
N4,N1023,caused_by
N304,N1023,caused_by
N691,N1023,caused_by
N44,N1023,caused_by
N99,N1023,caused_by
N1016,N1023,caused_by
N657,N1023,is_a_risk_factor_of
N251,N1023,is_a_risk_factor_of
N650,N1023,can_cause
N215,N1023,can_cause
N238,N1023,can_cause
N1024,N1023,can_cause
N686,N1023,can_cause
N2,N1025,caused_by
N190,N1025,caused_by
N691,N1025,caused_by
N1016,N1025,caused_by
N499,N1025,caused_by
N1026,N1025,can_cause
N686,N1025,can_cause
N892,N1027,caused_by
N190,N1027,caused_by
N691,N1027,caused_by
N38,N1027,caused_by
N894,N1027,caused_by
N1016,N1027,caused_by
N499,N1027,caused_by
N892,N1028,caused_by
N2,N1028,caused_by
N186,N1028,caused_by
N343,N1028,caused_by
N304,N1028,caused_by
N190,N1028,caused_by
N1014,N1028,caused_by
N905,N1028,caused_by
N906,N1028,caused_by
N292,N1028,caused_by
N907,N1028,caused_by
N693,N1028,caused_by
N9,N1028,caused_by
N286,N1028,caused_by
N299,N1028,caused_by
N96,N1028,caused_by
N612,N1028,can_cause
N614,N1028,can_cause
N63,N1028,can_cause
N975,N1028,can_cause
N979,N1028,can_cause
N190,N1029,caused_by
N185,N1029,caused_by
N1030,N1029,is_a_risk_factor_of
N1031,N1029,can_cause
N1032,N1029,can_cause
N429,N1033,caused_by
N822,N1033,caused_by
N190,N1033,caused_by
N185,N1033,caused_by
N38,N1033,caused_by
N562,N1033,caused_by
N824,N1033,caused_by
N96,N1033,caused_by
N1034,N1033,is_a_risk_factor_of
N1035,N1033,can_cause
N614,N1033,can_cause
N168,N1036,caused_by
N169,N1036,caused_by
N970,N1036,caused_by
N46,N1036,caused_by
N376,N1036,caused_by
N1037,N1036,caused_by
N1038,N1036,is_a_risk_factor_of
N842,N1036,can_cause
N970,N1039,caused_by
N46,N1039,caused_by
N1040,N1039,is_a_risk_factor_of
N1041,N1039,is_a_risk_factor_of
N680,N1039,is_a_risk_factor_of
N16,N1042,caused_by
N1043,N1042,caused_by
N462,N1042,caused_by
N1044,N1042,caused_by
N31,N1042,caused_by
N1013,N1042,caused_by
N787,N1042,caused_by
N127,N1042,caused_by
N1045,N1042,caused_by
N1046,N1042,caused_by
N24,N1042,caused_by
N186,N1042,caused_by
N1047,N1042,caused_by
N46,N1042,caused_by
N542,N1042,caused_by
N96,N1042,caused_by
N1048,N1042,caused_by
N450,N1042,caused_by
N47,N1042,caused_by
N343,N1042,caused_by
N50,N1042,caused_by
N379,N1042,caused_by
N52,N1042,caused_by
N98,N1042,caused_by
N99,N1042,caused_by
N1049,N1042,caused_by
N1050,N1042,is_a_risk_factor_of
N1051,N1042,is_a_risk_factor_of
N196,N1042,can_cause
N440,N1052,caused_by
N1053,N1052,caused_by
N4,N1052,caused_by
N8,N1052,caused_by
N1054,N1052,caused_by
N1056,N1055,caused_by
N1013,N1055,caused_by
N46,N1055,caused_by
N8,N1055,caused_by
N1057,N1055,is_a_risk_factor_of
N1058,N1055,is_a_risk_factor_of
N1059,N1055,can_cause
N1060,N1055,can_cause
N462,N1061,caused_by
N1062,N1061,caused_by
N8,N1061,caused_by
N1063,N1061,caused_by
N961,N1061,is_a_risk_factor_of
N908,N1061,is_a_risk_factor_of
N1064,N1061,is_a_risk_factor_of
N462,N1065,caused_by
N1062,N1065,caused_by
N1063,N1065,caused_by
N1066,N1065,is_a_risk_factor_of
N1067,N1065,is_a_risk_factor_of
N908,N1065,is_a_risk_factor_of
N47,N1068,caused_by
N462,N1068,caused_by
N1062,N1068,caused_by
N677,N1068,caused_by
N98,N1068,caused_by
N96,N1068,caused_by
N1069,N1068,caused_by
N1070,N1068,is_a_risk_factor_of
N1071,N1068,is_a_risk_factor_of
N461,N1072,caused_by
N462,N1072,caused_by
N606,N1072,caused_by
N127,N1072,caused_by
N768,N1072,caused_by
N1062,N1072,caused_by
N464,N1072,caused_by
N346,N1072,caused_by
N92,N1072,caused_by
N594,N1072,caused_by
N463,N1072,caused_by
N96,N1072,caused_by
N412,N1072,caused_by
N459,N1072,caused_by
N97,N1072,caused_by
N50,N1072,caused_by
N32,N1072,caused_by
N458,N1072,caused_by
N99,N1072,caused_by
N817,N1072,is_a_risk_factor_of
N469,N1072,is_a_risk_factor_of
N471,N1072,can_cause
N238,N1072,can_cause
N492,N1072,can_cause
N462,N1073,caused_by
N44,N1073,caused_by
N1062,N1073,caused_by
N463,N1073,caused_by
N606,N1073,caused_by
N817,N1073,is_a_risk_factor_of
N469,N1073,is_a_risk_factor_of
N1074,N1073,is_a_risk_factor_of
N472,N1073,can_cause
N473,N1073,can_cause
N287,N1073,can_cause
N417,N1075,caused_by
N459,N1075,caused_by
N1076,N1075,caused_by
N462,N1075,caused_by
N1077,N1075,caused_by
N1078,N1075,caused_by
N1062,N1075,caused_by
N1079,N1075,caused_by
N465,N1075,caused_by
N184,N1075,caused_by
N1080,N1075,caused_by
N748,N1075,caused_by
N100,N1075,caused_by
N462,N1081,caused_by
N38,N1081,caused_by
N1082,N1081,caused_by
N821,N1081,caused_by
N1083,N1081,is_a_risk_factor_of
N249,N1081,is_a_risk_factor_of
N47,N1084,caused_by
N821,N1084,caused_by
N462,N1084,caused_by
N834,N1084,caused_by
N1082,N1084,caused_by
N38,N1084,caused_by
N30,N1084,caused_by
N1083,N1084,is_a_risk_factor_of
N381,N1084,can_cause
N1085,N1084,can_cause
N238,N1084,can_cause
N1018,N1084,can_cause
N266,N1084,can_cause
N2,N1086,caused_by
N821,N1086,caused_by
N462,N1086,caused_by
N293,N1086,caused_by
N99,N1086,caused_by
N831,N1086,caused_by
N609,N1086,can_cause
N808,N1086,can_cause
N533,N1086,can_cause
N322,N1086,can_cause
N1088,N1087,caused_by
N81,N1087,caused_by
N462,N1087,caused_by
N1078,N1087,caused_by
N84,N1087,caused_by
N464,N1087,caused_by
N86,N1087,caused_by
N96,N1087,caused_by
N1089,N1087,is_a_risk_factor_of
N471,N1087,can_cause
N713,N1087,can_cause
N510,N1090,caused_by
N186,N1090,caused_by
N462,N1090,caused_by
N7,N1090,caused_by
N479,N1090,caused_by
N1091,N1090,caused_by
N96,N1090,caused_by
N98,N1092,caused_by
N1093,N1092,is_a_risk_factor_of
N1094,N1092,is_a_risk_factor_of
N1095,N1092,is_a_risk_factor_of
N1096,N1092,is_a_risk_factor_of
N1097,N1092,can_cause
N1098,N1092,can_cause
N1100,N1099,caused_by
N189,N1099,caused_by
N1101,N1099,caused_by
N98,N1099,caused_by
N1045,N1099,caused_by
N721,N1099,caused_by
N1102,N1099,caused_by
N1103,N1099,caused_by
N640,N1099,is_a_risk_factor_of
N1104,N1099,is_a_risk_factor_of
N120,N1099,is_a_risk_factor_of
N657,N1099,is_a_risk_factor_of
N251,N1099,is_a_risk_factor_of
N1105,N1099,can_cause
N188,N1106,caused_by
N603,N1106,caused_by
N1107,N1106,caused_by
N480,N1106,caused_by
N130,N1106,caused_by
N86,N1106,caused_by
N385,N1106,caused_by
N194,N1106,caused_by
N640,N1106,is_a_risk_factor_of
N248,N1106,is_a_risk_factor_of
N1108,N1106,is_a_risk_factor_of
N120,N1106,is_a_risk_factor_of
N251,N1106,is_a_risk_factor_of
N347,N1109,caused_by
N523,N1109,caused_by
N50,N1109,caused_by
N1110,N1109,caused_by
N1077,N1109,caused_by
N1111,N1109,caused_by
N1112,N1109,caused_by
N1113,N1109,caused_by
N1114,N1109,caused_by
N412,N1109,caused_by
N96,N1109,caused_by
N1115,N1109,caused_by
N1116,N1109,caused_by
N1117,N1109,can_cause
N267,N1109,can_cause
N933,N1109,can_cause
N275,N1109,can_cause
N1008,N1109,can_cause
N64,N1109,can_cause
N1118,N1109,can_cause
N427,N1119,caused_by
N1120,N1119,caused_by
N440,N1119,caused_by
N1121,N1119,caused_by
N1122,N1119,caused_by
N4,N1119,caused_by
N478,N1119,caused_by
N529,N1119,caused_by
N1123,N1119,caused_by
N603,N1119,caused_by
N1124,N1119,caused_by
N86,N1119,caused_by
N194,N1119,caused_by
N1125,N1119,is_a_risk_factor_of
N1108,N1119,is_a_risk_factor_of
N265,N1119,can_cause
N57,N1119,can_cause
N64,N1119,can_cause
N412,N1126,caused_by
N1116,N1126,caused_by
N1127,N1126,is_a_risk_factor_of
N1116,N1128,caused_by
N853,N1128,caused_by
N1046,N1128,caused_by
N412,N1128,caused_by
N1129,N1128,is_a_risk_factor_of
N1130,N1128,is_a_risk_factor_of
N633,N1128,can_cause
N1131,N1128,can_cause
N1116,N1132,caused_by
N664,N1132,caused_by
N412,N1132,caused_by
N853,N1132,caused_by
N1133,N1132,is_a_risk_factor_of
N1129,N1132,is_a_risk_factor_of
N633,N1132,can_cause
N666,N1132,can_cause
N523,N1134,caused_by
N1135,N1134,caused_by
N1136,N1134,caused_by
N1137,N1134,caused_by
N412,N1134,caused_by
N756,N1134,is_a_risk_factor_of
N1120,N1138,caused_by
N1139,N1138,caused_by
N1140,N1138,caused_by
N186,N1138,caused_by
N1141,N1138,caused_by
N1135,N1138,caused_by
N1111,N1138,caused_by
N1142,N1138,caused_by
N630,N1138,caused_by
N1112,N1138,caused_by
N1143,N1138,caused_by
N1144,N1138,caused_by
N96,N1138,caused_by
N412,N1138,caused_by
N608,N1138,is_a_risk_factor_of
N1145,N1138,is_a_risk_factor_of
N120,N1138,is_a_risk_factor_of
N1146,N1138,is_a_risk_factor_of
N1147,N1138,is_a_risk_factor_of
N1089,N1138,is_a_risk_factor_of
N1117,N1138,can_cause
N267,N1138,can_cause
N1148,N1138,can_cause
N563,N1138,can_cause
N518,N1138,can_cause
N1149,N1138,can_cause
N536,N1138,can_cause
N952,N1138,can_cause
N582,N1138,can_cause
N238,N1138,can_cause
N287,N1138,can_cause
N266,N1138,can_cause
N106,N1138,can_cause
N649,N1138,can_cause
N954,N1138,can_cause
N1135,N1150,caused_by
N1141,N1150,caused_by
N1110,N1150,caused_by
N1111,N1150,caused_by
N1151,N1150,caused_by
N412,N1150,caused_by
N952,N1150,can_cause
N61,N1150,can_cause
N634,N1150,can_cause
N1148,N1150,can_cause
N412,N1152,caused_by
N1135,N1152,caused_by
N1153,N1152,is_a_risk_factor_of
N1146,N1152,is_a_risk_factor_of
N660,N1154,caused_by
N708,N1154,caused_by
N1155,N1154,is_a_risk_factor_of
N1156,N1154,is_a_risk_factor_of
N158,N1154,is_a_risk_factor_of
N1157,N1154,is_a_risk_factor_of
N1159,N1158,caused_by
N705,N1158,caused_by
N708,N1158,caused_by
N594,N1158,caused_by
N693,N1158,caused_by
N9,N1158,caused_by
N99,N1158,caused_by
N1160,N1158,is_a_risk_factor_of
N158,N1158,is_a_risk_factor_of
N1161,N1158,is_a_risk_factor_of
N1162,N1158,can_cause
N326,N1158,can_cause
N312,N1158,can_cause
N1163,N1158,can_cause
N1164,N1158,can_cause
N287,N1158,can_cause
N684,N1158,can_cause
N634,N1158,can_cause
N793,N1158,can_cause
N729,N1165,caused_by
N459,N1165,caused_by
N461,N1165,caused_by
N97,N1165,caused_by
N50,N1165,caused_by
N462,N1165,caused_by
N1166,N1165,caused_by
N708,N1165,caused_by
N594,N1165,caused_by
N98,N1165,caused_by
N299,N1165,caused_by
N463,N1165,caused_by
N99,N1165,caused_by
N352,N1165,is_a_risk_factor_of
N1167,N1165,is_a_risk_factor_of
N1005,N1165,is_a_risk_factor_of
N1168,N1165,is_a_risk_factor_of
N988,N1165,is_a_risk_factor_of
N1169,N1165,can_cause
N326,N1165,can_cause
N962,N1165,can_cause
N1008,N1165,can_cause
N515,N1170,caused_by
N708,N1170,caused_by
N352,N1170,is_a_risk_factor_of
N1171,N1170,is_a_risk_factor_of
N474,N1170,can_cause
N326,N1170,can_cause
N50,N1172,caused_by
N1173,N1172,caused_by
N708,N1172,caused_by
N1174,N1172,caused_by
N1175,N1172,caused_by
N1114,N1172,caused_by
N1176,N1172,is_a_risk_factor_of
N1171,N1172,is_a_risk_factor_of
N474,N1172,can_cause
N1177,N1172,can_cause
N684,N1172,can_cause
N4,N1178,caused_by
N38,N1178,caused_by
N299,N1178,caused_by
N10,N1178,caused_by
N511,N1178,caused_by
N992,N1178,caused_by
N440,N1178,caused_by
N139,N1178,caused_by
N594,N1178,caused_by
N9,N1178,caused_by
N130,N1178,caused_by
N96,N1178,caused_by
N1179,N1178,caused_by
N1180,N1178,caused_by
N47,N1178,caused_by
N1181,N1178,caused_by
N1182,N1178,caused_by
N1183,N1178,caused_by
N1184,N1178,caused_by
N708,N1185,caused_by
N1186,N1185,caused_by
N1187,N1185,caused_by
N1188,N1185,is_a_risk_factor_of
N1171,N1185,is_a_risk_factor_of
N935,N1189,caused_by
N1190,N1189,caused_by
N1191,N1189,caused_by
N1192,N1189,caused_by
N84,N1189,caused_by
N1193,N1189,caused_by
N935,N1194,caused_by
N84,N1194,caused_by
N1195,N1194,caused_by
N1196,N1194,caused_by
N286,N1194,caused_by
N1197,N1194,caused_by
N531,N1194,is_a_risk_factor_of
N1198,N1194,is_a_risk_factor_of
N265,N1194,can_cause
N1200,N1199,caused_by
N935,N1199,caused_by
N1201,N1199,caused_by
N1202,N1199,caused_by
N84,N1199,caused_by
N1196,N1199,caused_by
N9,N1199,caused_by
N480,N1199,caused_by
N1203,N1199,caused_by
N265,N1199,can_cause
N949,N1199,can_cause
N329,N1199,can_cause
N1024,N1199,can_cause
N64,N1199,can_cause
N719,N1204,caused_by
N1205,N1204,caused_by
N736,N1204,caused_by
N1206,N1204,caused_by
N415,N1204,caused_by
N1101,N1204,caused_by
N434,N1204,caused_by
N191,N1204,caused_by
N17,N1204,caused_by
N84,N1204,caused_by
N89,N1204,caused_by
N1207,N1204,caused_by
N85,N1204,caused_by
N1103,N1204,caused_by
N657,N1204,is_a_risk_factor_of
N238,N1204,can_cause
N1208,N1204,can_cause
N374,N1209,caused_by
N968,N1209,caused_by
N84,N1209,caused_by
N89,N1209,caused_by
N9,N1209,caused_by
N678,N1209,caused_by
N759,N1209,can_cause
N973,N1209,can_cause
N1210,N1209,can_cause
N682,N1209,can_cause
N683,N1209,can_cause
N1211,N1209,can_cause
N1213,N1212,caused_by
N84,N1212,caused_by
N89,N1212,caused_by
N1214,N1212,caused_by
N1215,N1212,is_a_risk_factor_of
N1216,N1212,is_a_risk_factor_of
N80,N1217,caused_by
N1218,N1217,caused_by
N17,N1217,caused_by
N1219,N1217,caused_by
N1220,N1217,caused_by
N1221,N1217,caused_by
N374,N1217,caused_by
N1222,N1217,caused_by
N723,N1217,caused_by
N480,N1217,caused_by
N1223,N1217,caused_by
N139,N1217,caused_by
N630,N1217,caused_by
N46,N1217,caused_by
N9,N1217,caused_by
N96,N1217,caused_by
N1224,N1217,caused_by
N47,N1217,caused_by
N97,N1217,caused_by
N8,N1217,caused_by
N99,N1217,caused_by
N250,N1217,is_a_risk_factor_of
N1225,N1217,can_cause
N1226,N1217,can_cause
N329,N1217,can_cause
N64,N1217,can_cause
N597,N1227,caused_by
N598,N1227,caused_by
N440,N1227,caused_by
N1228,N1227,caused_by
N600,N1227,caused_by
N4,N1227,caused_by
N804,N1227,caused_by
N602,N1227,caused_by
N799,N1227,caused_by
N604,N1227,caused_by
N1230,N1229,caused_by
N1231,N1229,caused_by
N9,N1229,caused_by
N1232,N1229,caused_by
N1233,N1229,caused_by
N1225,N1229,can_cause
N1235,N1234,caused_by
N178,N1234,caused_by
N1236,N1234,caused_by
N1237,N1234,caused_by
N736,N1234,caused_by
N630,N1234,caused_by
N1238,N1234,caused_by
N723,N1234,caused_by
N9,N1234,caused_by
N647,N1234,caused_by
N1239,N1234,is_a_risk_factor_of
N1226,N1234,can_cause
N259,N1240,caused_by
N807,N1240,caused_by
N1241,N1240,caused_by
N1110,N1240,caused_by
N6,N1240,caused_by
N8,N1240,caused_by
N1242,N1240,caused_by
N9,N1240,caused_by
N1243,N1240,caused_by
N99,N1240,caused_by
N1225,N1240,can_cause
N64,N1240,can_cause
N1245,N1244,caused_by
N931,N1244,caused_by
N1237,N1244,caused_by
N286,N1244,caused_by
N50,N1244,caused_by
N1246,N1244,caused_by
N285,N1244,caused_by
N1173,N1244,caused_by
N1101,N1244,caused_by
N38,N1244,caused_by
N1207,N1244,caused_by
N1247,N1244,caused_by
N9,N1244,caused_by
N217,N1244,caused_by
N95,N1244,caused_by
N299,N1244,caused_by
N710,N1244,caused_by
N85,N1244,caused_by
N63,N1244,can_cause
N518,N1244,can_cause
N1085,N1244,can_cause
N1249,N1248,caused_by
N169,N1248,caused_by
N924,N1248,caused_by
N1250,N1248,caused_by
N434,N1248,caused_by
N1251,N1248,caused_by
N741,N1248,caused_by
N1252,N1248,caused_by
N184,N1248,caused_by
N1253,N1248,caused_by
N1254,N1248,is_a_risk_factor_of
N1255,N1248,is_a_risk_factor_of
N355,N1248,is_a_risk_factor_of
N266,N1248,can_cause
N1256,N1248,can_cause
N236,N1248,can_cause
N777,N1257,caused_by
N924,N1257,caused_by
N1258,N1257,caused_by
N1255,N1257,is_a_risk_factor_of
N355,N1257,is_a_risk_factor_of
N401,N1259,caused_by
N1260,N1259,caused_by
N1180,N1259,caused_by
N254,N1259,caused_by
N924,N1259,caused_by
N1173,N1259,caused_by
N728,N1259,caused_by
N1251,N1259,caused_by
N299,N1259,caused_by
N1261,N1259,caused_by
N1255,N1259,is_a_risk_factor_of
N1262,N1259,is_a_risk_factor_of
N421,N1259,can_cause
N715,N1259,can_cause
N933,N1259,can_cause
N951,N1259,can_cause
N734,N1263,caused_by
N1249,N1263,caused_by
N1237,N1263,caused_by
N726,N1263,caused_by
N924,N1263,caused_by
N630,N1263,caused_by
N594,N1263,caused_by
N1264,N1263,caused_by
N927,N1263,is_a_risk_factor_of
N1265,N1263,is_a_risk_factor_of
N1267,N1266,caused_by
N924,N1266,caused_by
N927,N1266,is_a_risk_factor_of
N1268,N1266,is_a_risk_factor_of
N1269,N1266,can_cause
N729,N1270,caused_by
N1249,N1270,caused_by
N924,N1270,caused_by
N1271,N1270,caused_by
N1272,N1270,caused_by
N927,N1270,is_a_risk_factor_of
N1273,N1270,is_a_risk_factor_of
N518,N1270,can_cause
N458,N1274,caused_by
N1275,N1274,caused_by
N598,N1274,caused_by
N1121,N1274,caused_by
N51,N1274,caused_by
N4,N1274,caused_by
N38,N1274,caused_by
N191,N1274,caused_by
N577,N1274,caused_by
N46,N1274,caused_by
N9,N1274,caused_by
N299,N1274,caused_by
N86,N1274,caused_by
N96,N1274,caused_by
N1184,N1274,caused_by
N992,N1274,caused_by
N1146,N1274,is_a_risk_factor_of
N1276,N1274,is_a_risk_factor_of
N56,N1274,can_cause
N534,N1274,can_cause
N950,N1274,can_cause
N266,N1274,can_cause
N583,N1274,can_cause
N924,N1277,caused_by
N739,N1277,caused_by
N1278,N1277,caused_by
N1279,N1277,caused_by
N927,N1277,is_a_risk_factor_of
N80,N1280,caused_by
N524,N1280,caused_by
N168,N1280,caused_by
N1281,N1280,caused_by
N346,N1280,caused_by
N400,N1280,caused_by
N1140,N1280,caused_by
N1282,N1280,caused_by
N169,N1280,caused_by
N1283,N1280,caused_by
N50,N1280,caused_by
N1246,N1280,caused_by
N1284,N1280,caused_by
N1285,N1280,caused_by
N376,N1280,caused_by
N1286,N1280,caused_by
N100,N1280,caused_by
N351,N1280,is_a_risk_factor_of
N248,N1280,is_a_risk_factor_of
N320,N1280,is_a_risk_factor_of
N447,N1280,is_a_risk_factor_of
N1287,N1280,can_cause
N1288,N1280,can_cause
N329,N1280,can_cause
N1289,N1280,can_cause
N825,N1280,can_cause
N686,N1280,can_cause
N168,N1290,caused_by
N1291,N1290,caused_by
N726,N1290,caused_by
N17,N1290,caused_by
N1292,N1290,caused_by
N400,N1290,caused_by
N730,N1290,caused_by
N1140,N1290,caused_by
N376,N1290,caused_by
N169,N1290,caused_by
N413,N1290,caused_by
N347,N1290,caused_by
N50,N1290,caused_by
N676,N1290,caused_by
N1293,N1290,caused_by
N1294,N1290,caused_by
N1175,N1290,caused_by
N1286,N1290,caused_by
N1245,N1290,caused_by
N100,N1290,caused_by
N1295,N1290,is_a_risk_factor_of
N120,N1290,is_a_risk_factor_of
N640,N1290,is_a_risk_factor_of
N1287,N1290,can_cause
N878,N1290,can_cause
N642,N1290,can_cause
N1288,N1290,can_cause
N1105,N1290,can_cause
N238,N1290,can_cause
N287,N1290,can_cause
N686,N1290,can_cause
N1297,N1296,caused_by
N347,N1296,caused_by
N1298,N1296,caused_by
N726,N1296,caused_by
N169,N1296,caused_by
N1299,N1296,caused_by
N50,N1296,caused_by
N1300,N1296,caused_by
N676,N1296,caused_by
N1301,N1296,caused_by
N1302,N1296,caused_by
N1175,N1296,caused_by
N46,N1296,caused_by
N1245,N1296,caused_by
N50,N1303,caused_by
N1304,N1303,caused_by
N1245,N1303,caused_by
N169,N1305,caused_by
N50,N1305,caused_by
N100,N1305,caused_by
N50,N1306,caused_by
N1307,N1306,caused_by
N1046,N1306,caused_by
N1308,N1306,is_a_risk_factor_of
N1309,N1306,is_a_risk_factor_of
N1310,N1306,can_cause
N1131,N1306,can_cause
N50,N1311,caused_by
N1308,N1311,is_a_risk_factor_of
N1094,N1311,is_a_risk_factor_of
N1310,N1311,can_cause
N1312,N1311,can_cause
N400,N1313,caused_by
N1291,N1313,caused_by
N1314,N1313,caused_by
N50,N1313,caused_by
N415,N1313,caused_by
N1315,N1313,caused_by
N1245,N1313,caused_by
N251,N1313,is_a_risk_factor_of
N1317,N1316,caused_by
N189,N1316,caused_by
N1318,N1316,caused_by
N1319,N1316,caused_by
N499,N1316,caused_by
N320,N1316,is_a_risk_factor_of
N1320,N1316,is_a_risk_factor_of
N1179,N1321,caused_by
N1297,N1321,caused_by
N524,N1321,caused_by
N1322,N1321,caused_by
N1298,N1321,caused_by
N726,N1321,caused_by
N97,N1321,caused_by
N189,N1321,caused_by
N630,N1321,caused_by
N98,N1321,caused_by
N46,N1321,caused_by
N1323,N1321,caused_by
N96,N1321,caused_by
N100,N1321,caused_by
N1324,N1321,is_a_risk_factor_of
N351,N1321,is_a_risk_factor_of
N390,N1321,can_cause
N1325,N1321,can_cause
N329,N1321,can_cause
N427,N1326,caused_by
N1275,N1326,caused_by
N440,N1326,caused_by
N4,N1326,caused_by
N38,N1326,caused_by
N603,N1326,caused_by
N1183,N1326,caused_by
N10,N1326,caused_by
N86,N1326,caused_by
N1146,N1326,is_a_risk_factor_of
N1276,N1326,is_a_risk_factor_of
N420,N1326,can_cause
N64,N1326,can_cause
N686,N1326,can_cause
N1297,N1327,caused_by
N1100,N1327,caused_by
N1328,N1327,caused_by
N189,N1327,caused_by
N1299,N1327,caused_by
N1300,N1327,caused_by
N1329,N1327,caused_by
N733,N1327,caused_by
N411,N1327,caused_by
N1330,N1327,caused_by
N930,N1327,caused_by
N100,N1327,caused_by
N1331,N1327,caused_by
N1332,N1327,is_a_risk_factor_of
N1333,N1327,is_a_risk_factor_of
N471,N1327,can_cause
N420,N1327,can_cause
N672,N1327,can_cause
N952,N1327,can_cause
N287,N1327,can_cause
N189,N1334,caused_by
N1102,N1334,caused_by
N1103,N1334,caused_by
N1100,N1334,caused_by
N657,N1334,is_a_risk_factor_of
N1335,N1334,is_a_risk_factor_of
N80,N1336,caused_by
N413,N1336,caused_by
N186,N1336,caused_by
N189,N1336,caused_by
N184,N1336,caused_by
N415,N1336,caused_by
N187,N1336,caused_by
N1112,N1336,caused_by
N9,N1336,caused_by
N193,N1336,caused_by
N299,N1336,caused_by
N669,N1336,caused_by
N96,N1336,caused_by
N121,N1336,is_a_risk_factor_of
N1337,N1336,can_cause
N524,N1338,caused_by
N97,N1338,caused_by
N189,N1338,caused_by
N1339,N1338,caused_by
N1115,N1338,caused_by
N1340,N1338,caused_by
N193,N1338,caused_by
N100,N1338,caused_by
N1341,N1338,is_a_risk_factor_of
N571,N1338,can_cause
N82,N1342,caused_by
N1343,N1342,caused_by
N561,N1342,caused_by
N4,N1342,caused_by
N467,N1342,caused_by
N86,N1342,caused_by
N127,N1342,caused_by
N1344,N1342,caused_by
N835,N1342,caused_by
N1345,N1342,caused_by
N1275,N1342,caused_by
N93,N1342,caused_by
N43,N1342,caused_by
N44,N1342,caused_by
N576,N1342,caused_by
N9,N1342,caused_by
N96,N1342,caused_by
N450,N1342,caused_by
N465,N1342,caused_by
N1346,N1342,caused_by
N99,N1342,caused_by
N657,N1342,is_a_risk_factor_of
N1347,N1342,is_a_risk_factor_of
N650,N1342,can_cause
N1348,N1342,can_cause
N267,N1342,can_cause
N982,N1342,can_cause
N356,N1342,can_cause
N275,N1342,can_cause
N287,N1342,can_cause
N266,N1342,can_cause
N807,N1349,caused_by
N1350,N1349,caused_by
N1351,N1349,caused_by
N191,N1349,caused_by
N630,N1349,caused_by
N1352,N1349,caused_by
N723,N1349,caused_by
N46,N1349,caused_by
N130,N1349,caused_by
N85,N1349,caused_by
N1353,N1349,caused_by
N100,N1349,caused_by
N266,N1349,can_cause
N1354,N1349,can_cause
N56,N1349,can_cause
N1163,N1349,can_cause
N1350,N1355,caused_by
N1351,N1355,caused_by
N126,N1355,caused_by
N191,N1355,caused_by
N1352,N1355,caused_by
N85,N1355,caused_by
N100,N1355,caused_by
N1356,N1355,is_a_risk_factor_of
N266,N1355,can_cause
N1358,N1357,caused_by
N1359,N1357,caused_by
N85,N1357,caused_by
N1360,N1357,caused_by
N40,N1357,caused_by
N374,N1357,caused_by
N1361,N1357,caused_by
N723,N1357,caused_by
N408,N1357,caused_by
N376,N1357,caused_by
N967,N1357,caused_by
N169,N1357,caused_by
N527,N1357,caused_by
N96,N1357,caused_by
N1179,N1357,caused_by
N807,N1357,caused_by
N97,N1357,caused_by
N50,N1357,caused_by
N1175,N1357,caused_by
N100,N1357,caused_by
N1362,N1357,is_a_risk_factor_of
N1363,N1357,is_a_risk_factor_of
N266,N1357,can_cause
N949,N1357,can_cause
N267,N1357,can_cause
N329,N1357,can_cause
N1365,N1364,caused_by
N1366,N1364,caused_by
N1367,N1364,caused_by
N191,N1364,caused_by
N1368,N1364,caused_by
N1369,N1364,caused_by
N85,N1364,caused_by
N1370,N1364,caused_by
N1363,N1364,is_a_risk_factor_of
N346,N1371,caused_by
N406,N1371,caused_by
N86,N1371,caused_by
N348,N1371,caused_by
N1372,N1371,caused_by
N1373,N1371,caused_by
N1374,N1371,caused_by
N85,N1371,caused_by
N100,N1371,caused_by
N1376,N1375,caused_by
N1377,N1375,caused_by
N416,N1375,caused_by
N630,N1375,caused_by
N723,N1375,caused_by
N85,N1375,caused_by
N1378,N1375,is_a_risk_factor_of
N1275,N1379,caused_by
N4,N1379,caused_by
N1380,N1379,is_a_risk_factor_of
N1022,N1379,is_a_risk_factor_of
N1377,N1381,caused_by
N1382,N1381,caused_by
N414,N1381,caused_by
N416,N1381,caused_by
N85,N1381,caused_by
N1383,N1381,is_a_risk_factor_of
N1384,N1381,is_a_risk_factor_of
N447,N1381,is_a_risk_factor_of
N420,N1381,can_cause
N356,N1381,can_cause
N492,N1381,can_cause
N238,N1381,can_cause
N1289,N1381,can_cause
N266,N1381,can_cause
N686,N1381,can_cause
N1386,N1385,caused_by
N1377,N1385,caused_by
N1387,N1385,caused_by
N723,N1385,caused_by
N85,N1385,caused_by
N1388,N1385,is_a_risk_factor_of
N1389,N1385,is_a_risk_factor_of
N1391,N1390,caused_by
N1377,N1390,caused_by
N1358,N1390,caused_by
N1392,N1390,caused_by
N85,N1390,caused_by
N1393,N1390,caused_by
N1395,N1394,caused_by
N925,N1394,caused_by
N1396,N1394,caused_by
N1397,N1394,caused_by
N1398,N1394,caused_by
N85,N1394,caused_by
N1400,N1399,caused_by
N925,N1399,caused_by
N1398,N1399,caused_by
N85,N1399,caused_by
N1401,N1399,caused_by
N1402,N1399,is_a_risk_factor_of
N1403,N1399,is_a_risk_factor_of
N259,N1404,caused_by
N1405,N1404,caused_by
N1406,N1404,caused_by
N1407,N1404,caused_by
N3,N1404,caused_by
N4,N1404,caused_by
N790,N1404,caused_by
N1112,N1404,caused_by
N8,N1404,caused_by
N594,N1404,caused_by
N408,N1404,caused_by
N9,N1404,caused_by
N299,N1404,caused_by
N11,N1404,caused_by
N1408,N1404,can_cause
N14,N1404,can_cause
N335,N1404,can_cause
N494,N1404,can_cause
N1410,N1409,caused_by
N551,N1409,caused_by
N1411,N1409,caused_by
N992,N1409,caused_by
N736,N1412,caused_by
N1395,N1412,caused_by
N285,N1412,caused_by
N925,N1412,caused_by
N1413,N1412,caused_by
N1414,N1412,caused_by
N9,N1412,caused_by
N286,N1412,caused_by
N130,N1412,caused_by
N551,N1412,caused_by
N1415,N1412,is_a_risk_factor_of
N1416,N1412,can_cause
N330,N1412,can_cause
N1418,N1417,caused_by
N1419,N1417,caused_by
N1420,N1417,caused_by
N925,N1417,caused_by
N1413,N1417,caused_by
N1421,N1417,caused_by
N1422,N1417,caused_by
N1424,N1423,caused_by
N186,N1423,caused_by
N1425,N1423,caused_by
N1426,N1423,caused_by
N925,N1423,caused_by
N1413,N1423,caused_by
N191,N1423,caused_by
N9,N1423,caused_by
N669,N1423,caused_by
N1427,N1423,can_cause
N1428,N1423,can_cause
N672,N1423,can_cause
N1429,N1423,can_cause
N1430,N1423,can_cause
N922,N1431,caused_by
N1432,N1431,caused_by
N1424,N1431,caused_by
N1433,N1431,caused_by
N96,N1431,caused_by
N1077,N1431,caused_by
N1434,N1431,caused_by
N1435,N1431,caused_by
N925,N1431,caused_by
N516,N1431,caused_by
N1436,N1431,caused_by
N1437,N1431,caused_by
N86,N1431,caused_by
N1438,N1431,caused_by
N587,N1431,caused_by
N922,N1439,caused_by
N867,N1439,caused_by
N925,N1439,caused_by
N38,N1439,caused_by
N565,N1439,is_a_risk_factor_of
N1441,N1440,caused_by
N1386,N1440,caused_by
N736,N1440,caused_by
N126,N1440,caused_by
N1442,N1440,caused_by
N191,N1440,caused_by
N1443,N1440,caused_by
N1444,N1440,caused_by
N1446,N1445,caused_by
N1447,N1445,caused_by
N1442,N1445,caused_by
N191,N1445,caused_by
N1443,N1445,caused_by
N1448,N1445,caused_by
N1449,N1445,caused_by
N1451,N1450,caused_by
N1386,N1450,caused_by
N169,N1450,caused_by
N1442,N1450,caused_by
N1443,N1450,caused_by
N376,N1450,caused_by
N1453,N1452,caused_by
N169,N1452,caused_by
N1442,N1452,caused_by
N1454,N1452,caused_by
N1455,N1452,caused_by
N1456,N1452,is_a_risk_factor_of
N1457,N1452,is_a_risk_factor_of
N1430,N1452,can_cause
N673,N1452,can_cause
N259,N1458,caused_by
N440,N1458,caused_by
N990,N1458,caused_by
N1410,N1458,caused_by
N603,N1458,caused_by
N10,N1458,caused_by
N86,N1458,caused_by
N992,N1458,caused_by
N1455,N1459,caused_by
N1442,N1459,caused_by
N1454,N1459,caused_by
N1460,N1459,is_a_risk_factor_of
N1461,N1459,is_a_risk_factor_of
N1463,N1462,caused_by
N1442,N1462,caused_by
N38,N1462,caused_by
N565,N1462,is_a_risk_factor_of
N1465,N1464,caused_by
N1466,N1464,caused_by
N1442,N1464,caused_by
N1467,N1464,caused_by
N1468,N1464,caused_by
N1437,N1464,caused_by
N1438,N1464,caused_by
N587,N1464,caused_by
N1469,N1464,is_a_risk_factor_of
N1470,N1464,is_a_risk_factor_of
N322,N1464,can_cause
N417,N1471,caused_by
N1472,N1471,caused_by
N43,N1471,caused_by
N1473,N1471,caused_by
N1474,N1471,caused_by
N96,N1471,caused_by
N587,N1471,caused_by
N817,N1471,is_a_risk_factor_of
N355,N1471,is_a_risk_factor_of
N569,N1471,is_a_risk_factor_of
N249,N1471,is_a_risk_factor_of
N878,N1471,can_cause
N518,N1471,can_cause
N329,N1471,can_cause
N330,N1471,can_cause
N287,N1471,can_cause
N104,N1471,can_cause
N686,N1471,can_cause
N1472,N1475,caused_by
N226,N1475,caused_by
N2,N1475,caused_by
N1474,N1475,caused_by
N587,N1475,caused_by
N1476,N1475,is_a_risk_factor_of
N1477,N1475,is_a_risk_factor_of
N120,N1475,is_a_risk_factor_of
N1478,N1475,can_cause
N1162,N1475,can_cause
N14,N1475,can_cause
N1479,N1475,can_cause
N1480,N1475,can_cause
N237,N1475,can_cause
N238,N1475,can_cause
N1481,N1475,can_cause
N1482,N1475,can_cause
N335,N1475,can_cause
N1483,N1475,can_cause
N1485,N1484,caused_by
N514,N1484,caused_by
N496,N1484,caused_by
N1486,N1484,caused_by
N1315,N1484,caused_by
N417,N1484,caused_by
N1437,N1484,caused_by
N96,N1484,caused_by
N587,N1484,caused_by
N1487,N1484,is_a_risk_factor_of
N236,N1484,can_cause
N885,N1484,can_cause
N1256,N1484,can_cause
N1485,N1488,caused_by
N587,N1488,caused_by
N1489,N1488,can_cause
N99,N1490,caused_by
N892,N1490,caused_by
N1465,N1490,caused_by
N514,N1490,caused_by
N50,N1490,caused_by
N4,N1490,caused_by
N1491,N1490,caused_by
N1242,N1490,caused_by
N408,N1490,caused_by
N1220,N1490,caused_by
N1492,N1490,caused_by
N299,N1490,caused_by
N1438,N1490,caused_by
N587,N1490,caused_by
N54,N1490,caused_by
N56,N1490,can_cause
N494,N1490,can_cause
N86,N1493,caused_by
N2,N1493,caused_by
N1228,N1493,caused_by
N4,N1493,caused_by
N991,N1493,caused_by
N1494,N1493,caused_by
N1344,N1493,caused_by
N458,N1493,caused_by
N992,N1493,caused_by
N1495,N1493,is_a_risk_factor_of
N544,N1493,can_cause
N237,N1493,can_cause
N546,N1493,can_cause
N240,N1493,can_cause
N1497,N1496,caused_by
N1498,N1496,caused_by
N587,N1496,caused_by
N1499,N1496,is_a_risk_factor_of
N178,N1500,caused_by
N598,N1500,caused_by
N440,N1500,caused_by
N374,N1500,caused_by
N97,N1500,caused_by
N186,N1500,caused_by
N52,N1500,caused_by
N1501,N1500,caused_by
N1497,N1500,caused_by
N85,N1500,caused_by
N96,N1500,caused_by
N587,N1500,caused_by
N265,N1500,can_cause
N176,N1500,can_cause
N563,N1500,can_cause
N950,N1500,can_cause
N1354,N1500,can_cause
N322,N1500,can_cause
N1429,N1500,can_cause
N266,N1500,can_cause
N1424,N1502,caused_by
N524,N1502,caused_by
N1503,N1502,caused_by
N100,N1502,caused_by
N1504,N1502,caused_by
N1505,N1502,caused_by
N1497,N1502,caused_by
N587,N1502,caused_by
N1146,N1502,is_a_risk_factor_of
N1506,N1502,can_cause
N1429,N1502,can_cause
N64,N1502,can_cause
N1424,N1507,caused_by
N1140,N1507,caused_by
N1508,N1507,caused_by
N1509,N1507,caused_by
N587,N1507,caused_by
N120,N1507,is_a_risk_factor_of
N1510,N1507,is_a_risk_factor_of
N1429,N1507,can_cause
N331,N1507,can_cause
N238,N1507,can_cause
N563,N1507,can_cause
N1512,N1511,caused_by
N1140,N1511,caused_by
N1508,N1511,caused_by
N1513,N1511,caused_by
N416,N1511,caused_by
N1315,N1511,caused_by
N1514,N1511,caused_by
N587,N1511,caused_by
N1515,N1511,can_cause
N1517,N1516,caused_by
N1518,N1516,caused_by
N1508,N1516,caused_by
N1519,N1516,caused_by
N587,N1516,caused_by
N1521,N1520,caused_by
N1508,N1520,caused_by
N191,N1520,caused_by
N1522,N1520,caused_by
N1509,N1520,caused_by
N587,N1520,caused_by
N191,N1523,caused_by
N479,N1523,caused_by
N1524,N1523,caused_by
N1525,N1523,is_a_risk_factor_of
N1526,N1523,is_a_risk_factor_of
N807,N1527,caused_by
N43,N1527,caused_by
N1528,N1527,caused_by
N52,N1527,caused_by
N479,N1527,caused_by
N1529,N1527,caused_by
N1530,N1527,caused_by
N1531,N1527,is_a_risk_factor_of
N1532,N1527,is_a_risk_factor_of
N1533,N1527,is_a_risk_factor_of
N1534,N1527,is_a_risk_factor_of
N74,N1527,can_cause
N1535,N1527,can_cause
N974,N1527,can_cause
N63,N1527,can_cause
N1536,N1527,can_cause
N514,N1537,caused_by
N186,N1537,caused_by
N97,N1537,caused_by
N53,N1537,caused_by
N479,N1537,caused_by
N1498,N1537,caused_by
N9,N1537,caused_by
N835,N1537,caused_by
N85,N1537,caused_by
N299,N1537,caused_by
N1538,N1537,caused_by
N96,N1537,caused_by
N265,N1537,can_cause
N518,N1537,can_cause
N563,N1537,can_cause
N2,N1539,caused_by
N1540,N1539,caused_by
N1524,N1539,caused_by
N479,N1539,caused_by
N1541,N1539,caused_by
N458,N1542,caused_by
N86,N1542,caused_by
N1543,N1542,caused_by
N1121,N1542,caused_by
N990,N1542,caused_by
N440,N1542,caused_by
N186,N1542,caused_by
N87,N1542,caused_by
N1505,N1542,caused_by
N10,N1542,caused_by
N427,N1542,caused_by
N96,N1542,caused_by
N1184,N1542,caused_by
N992,N1542,caused_by
N1544,N1542,is_a_risk_factor_of
N56,N1542,can_cause
N1479,N1542,can_cause
N14,N1542,can_cause
N614,N1542,can_cause
N1546,N1545,caused_by
N1543,N1545,caused_by
N1540,N1545,caused_by
N1547,N1545,caused_by
N1548,N1545,caused_by
N1549,N1545,caused_by
N479,N1545,caused_by
N1550,N1545,is_a_risk_factor_of
N1544,N1545,is_a_risk_factor_of
N1543,N1551,caused_by
N1540,N1551,caused_by
N1552,N1551,caused_by
N479,N1551,caused_by
N1553,N1551,caused_by
N1146,N1551,is_a_risk_factor_of
N1554,N1551,is_a_risk_factor_of
N251,N1551,is_a_risk_factor_of
N510,N1555,caused_by
N2,N1555,caused_by
N1540,N1555,caused_by
N1556,N1555,caused_by
N479,N1555,caused_by
N1557,N1555,is_a_risk_factor_of
N1559,N1558,caused_by
N1560,N1558,caused_by
N1561,N1558,caused_by
N1562,N1558,caused_by
N479,N1558,caused_by
N1563,N1558,is_a_risk_factor_of
N1564,N1558,is_a_risk_factor_of
N1565,N1558,can_cause
N10,N1566,caused_by
N1529,N1566,caused_by
N1184,N1566,caused_by
N992,N1566,caused_by
N1565,N1566,can_cause
N1567,N1566,can_cause
N1569,N1568,caused_by
N43,N1568,caused_by
N1570,N1568,caused_by
N479,N1568,caused_by
N491,N1568,caused_by
N1529,N1568,caused_by
N267,N1568,can_cause
N282,N1568,can_cause
N612,N1568,can_cause
N1571,N1568,can_cause
N1480,N1568,can_cause
N1572,N1568,can_cause
N329,N1568,can_cause
N287,N1568,can_cause
N494,N1568,can_cause
N64,N1568,can_cause
N1573,N1568,can_cause
N1529,N1574,caused_by
N479,N1574,caused_by
N43,N1574,caused_by
N1575,N1574,is_a_risk_factor_of
N1536,N1574,can_cause
N1576,N1574,can_cause
N767,N1577,caused_by
N1578,N1577,caused_by
N1579,N1577,is_a_risk_factor_of
N1580,N1577,is_a_risk_factor_of
N1581,N1577,is_a_risk_factor_of
N1583,N1582,caused_by
N767,N1582,caused_by
N1584,N1582,caused_by
N1585,N1582,caused_by
N17,N1582,caused_by
N9,N1582,caused_by
N1586,N1582,caused_by
N749,N1582,can_cause
N357,N1582,can_cause
N1587,N1582,can_cause
N1583,N1588,caused_by
N549,N1588,caused_by
N767,N1588,caused_by
N169,N1588,caused_by
N1589,N1588,is_a_risk_factor_of
N1590,N1588,is_a_risk_factor_of
N1211,N1588,can_cause
N1325,N1588,can_cause
N713,N1588,can_cause
N1583,N1591,caused_by
N767,N1591,caused_by
N1592,N1591,can_cause
N427,N1593,caused_by
N574,N1593,caused_by
N1594,N1593,caused_by
N270,N1593,caused_by
N86,N1593,caused_by
N1184,N1593,caused_by
N992,N1593,caused_by
N1595,N1593,is_a_risk_factor_of
N355,N1593,is_a_risk_factor_of
N1596,N1593,is_a_risk_factor_of
N1583,N1597,caused_by
N1598,N1597,caused_by
N2,N1597,caused_by
N169,N1597,caused_by
N139,N1597,caused_by
N125,N1597,caused_by
N767,N1597,caused_by
N577,N1597,caused_by
N96,N1597,caused_by
N1599,N1597,is_a_risk_factor_of
N120,N1597,is_a_risk_factor_of
N1600,N1597,can_cause
N1601,N1597,can_cause
N874,N1597,can_cause
N1008,N1597,can_cause
N1603,N1602,caused_by
N767,N1602,caused_by
N1604,N1602,is_a_risk_factor_of
N1599,N1602,is_a_risk_factor_of
N772,N1602,can_cause
N1605,N1602,can_cause
N682,N1602,can_cause
N1603,N1606,caused_by
N767,N1606,caused_by
N1604,N1606,is_a_risk_factor_of
N1599,N1606,is_a_risk_factor_of
N772,N1606,can_cause
N1605,N1606,can_cause
N682,N1606,can_cause
N91,N1607,caused_by
N1603,N1607,caused_by
N787,N1607,caused_by
N1608,N1607,caused_by
N1609,N1607,caused_by
N767,N1607,caused_by
N38,N1607,caused_by
N1586,N1607,caused_by
N311,N1607,is_a_risk_factor_of
N248,N1607,is_a_risk_factor_of
N1610,N1607,is_a_risk_factor_of
N1611,N1607,is_a_risk_factor_of
N447,N1607,is_a_risk_factor_of
N1051,N1607,is_a_risk_factor_of
N267,N1607,can_cause
N326,N1607,can_cause
N1325,N1607,can_cause
N456,N1607,can_cause
N1612,N1607,can_cause
N953,N1607,can_cause
N254,N1613,caused_by
N787,N1613,caused_by
N446,N1613,is_a_risk_factor_of
N248,N1613,is_a_risk_factor_of
N451,N1613,is_a_risk_factor_of
N1614,N1613,can_cause
N456,N1613,can_cause
N254,N1615,caused_by
N1616,N1615,caused_by
N787,N1615,caused_by
N1617,N1615,caused_by
N1618,N1615,is_a_risk_factor_of
N248,N1615,is_a_risk_factor_of
N1619,N1615,is_a_risk_factor_of
N1614,N1615,can_cause
N456,N1615,can_cause
N254,N1620,caused_by
N787,N1620,caused_by
N453,N1620,is_a_risk_factor_of
N248,N1620,is_a_risk_factor_of
N454,N1620,is_a_risk_factor_of
N1094,N1620,is_a_risk_factor_of
N456,N1620,can_cause
N1621,N1620,can_cause
N1377,N1622,caused_by
N787,N1622,caused_by
N450,N1622,caused_by
N43,N1622,caused_by
N343,N1622,caused_by
N292,N1622,caused_by
N96,N1622,caused_by
N127,N1622,caused_by
N770,N1622,caused_by
N479,N1622,caused_by
N86,N1622,caused_by
N769,N1622,caused_by
N612,N1622,can_cause
N60,N1622,can_cause
N472,N1622,can_cause
N473,N1622,can_cause
N1149,N1622,can_cause
N1621,N1622,can_cause
N793,N1622,can_cause
N787,N1623,caused_by
N807,N1623,caused_by
N450,N1623,caused_by
N97,N1623,caused_by
N169,N1623,caused_by
N665,N1623,caused_by
N860,N1623,caused_by
N664,N1623,caused_by
N88,N1623,caused_by
N98,N1623,caused_by
N9,N1623,caused_by
N661,N1623,caused_by
N130,N1623,caused_by
N96,N1623,caused_by
N1051,N1623,is_a_risk_factor_of
N563,N1623,can_cause
N389,N1623,can_cause
N63,N1623,can_cause
N666,N1623,can_cause
N794,N1623,can_cause
N329,N1623,can_cause
N64,N1623,can_cause
N583,N1623,can_cause
N866,N1624,caused_by
N1625,N1624,caused_by
N1626,N1624,caused_by
N870,N1624,caused_by
N1627,N1624,caused_by
N866,N1628,caused_by
N450,N1628,caused_by
N1629,N1628,caused_by
N43,N1628,caused_by
N770,N1628,caused_by
N1630,N1628,caused_by
N1631,N1628,caused_by
N870,N1628,caused_by
N866,N1632,caused_by
N1633,N1632,caused_by
N1634,N1632,caused_by
N292,N1632,caused_by
N1635,N1632,caused_by
N870,N1632,caused_by
N1636,N1632,is_a_risk_factor_of
N866,N1637,caused_by
N440,N1637,caused_by
N188,N1637,caused_by
N38,N1637,caused_by
N870,N1637,caused_by
N291,N1637,caused_by
N130,N1637,caused_by
N273,N1637,is_a_risk_factor_of
N640,N1637,is_a_risk_factor_of
N642,N1637,can_cause
N356,N1637,can_cause
N473,N1637,can_cause
N518,N1637,can_cause
N1638,N1637,can_cause
N1640,N1639,caused_by
N876,N1639,caused_by
N866,N1639,caused_by
N1641,N1639,caused_by
N1642,N1639,can_cause
N876,N1643,caused_by
N866,N1643,caused_by
N1644,N1643,caused_by
N867,N1643,caused_by
N967,N1643,caused_by
N169,N1643,caused_by
N139,N1643,caused_by
N1645,N1643,caused_by
N69,N1643,caused_by
N96,N1643,caused_by
N99,N1643,caused_by
N1599,N1643,is_a_risk_factor_of
N120,N1643,is_a_risk_factor_of
N1646,N1643,can_cause
N176,N1643,can_cause
N265,N1643,can_cause
N873,N1643,can_cause
N1601,N1643,can_cause
N874,N1643,can_cause
N74,N1643,can_cause
N1600,N1643,can_cause
N238,N1643,can_cause
N773,N1643,can_cause
N1008,N1643,can_cause
N266,N1643,can_cause
N335,N1643,can_cause
N1179,N1647,caused_by
N1598,N1647,caused_by
N876,N1647,caused_by
N866,N1647,caused_by
N867,N1647,caused_by
N139,N1647,caused_by
N4,N1647,caused_by
N44,N1647,caused_by
N127,N1647,caused_by
N38,N1647,caused_by
N1648,N1647,caused_by
N86,N1647,caused_by
N1649,N1647,is_a_risk_factor_of
N1276,N1647,is_a_risk_factor_of
N1650,N1647,can_cause
N1179,N1651,caused_by
N876,N1651,caused_by
N866,N1651,caused_by
N1644,N1651,caused_by
N1652,N1651,caused_by
N186,N1651,caused_by
N967,N1651,caused_by
N867,N1651,caused_by
N139,N1651,caused_by
N1653,N1651,caused_by
N1654,N1651,caused_by
N1655,N1651,caused_by
N1656,N1651,caused_by
N1657,N1651,is_a_risk_factor_of
N563,N1651,can_cause
N267,N1651,can_cause
N240,N1651,can_cause
N1179,N1658,caused_by
N876,N1658,caused_by
N866,N1658,caused_by
N867,N1658,caused_by
N967,N1658,caused_by
N169,N1658,caused_by
N139,N1658,caused_by
N1659,N1658,caused_by
N38,N1658,caused_by
N768,N1658,caused_by
N1653,N1658,caused_by
N1660,N1658,caused_by
N1655,N1658,caused_by
N129,N1658,caused_by
N130,N1658,caused_by
N96,N1658,caused_by
N1652,N1658,caused_by
N518,N1658,can_cause
N86,N1661,caused_by
N574,N1661,caused_by
N96,N1661,caused_by
N576,N1661,caused_by
N270,N1661,caused_by
N594,N1661,caused_by
N578,N1661,caused_by
N1662,N1661,caused_by
N1345,N1661,caused_by
N1346,N1661,caused_by
N427,N1661,caused_by
N99,N1661,caused_by
N579,N1661,is_a_risk_factor_of
N1663,N1661,is_a_risk_factor_of
N639,N1661,is_a_risk_factor_of
N56,N1661,can_cause
N534,N1661,can_cause
N60,N1661,can_cause
N66,N1661,can_cause
N423,N1661,can_cause
N1665,N1664,caused_by
N866,N1664,caused_by
N1666,N1664,caused_by
N548,N1664,caused_by
N56,N1664,can_cause
N1667,N1664,can_cause
N866,N1668,caused_by
N43,N1668,caused_by
N186,N1668,caused_by
N501,N1668,caused_by
N1666,N1668,caused_by
N707,N1668,caused_by
N191,N1668,caused_by
N1631,N1668,caused_by
N464,N1668,caused_by
N723,N1668,caused_by
N770,N1668,caused_by
N465,N1668,caused_by
N129,N1668,caused_by
N99,N1668,caused_by
N1669,N1668,is_a_risk_factor_of
N1157,N1668,is_a_risk_factor_of
N1428,N1668,can_cause
N634,N1668,can_cause
N326,N1668,can_cause
N1179,N1670,caused_by
N1598,N1670,caused_by
N865,N1670,caused_by
N1671,N1670,caused_by
N867,N1670,caused_by
N967,N1670,caused_by
N139,N1670,caused_by
N1672,N1670,caused_by
N1653,N1670,caused_by
N1655,N1670,caused_by
N1673,N1670,caused_by
N1674,N1670,is_a_risk_factor_of
N248,N1670,is_a_risk_factor_of
N120,N1670,is_a_risk_factor_of
N1169,N1670,can_cause
N389,N1670,can_cause
N238,N1670,can_cause
N64,N1670,can_cause
N867,N1675,caused_by
N1676,N1675,caused_by
N254,N1675,caused_by
N125,N1675,caused_by
N1677,N1675,caused_by
N1678,N1675,is_a_risk_factor_of
N1557,N1675,is_a_risk_factor_of
N1680,N1679,caused_by
N865,N1679,caused_by
N1644,N1679,caused_by
N1681,N1679,caused_by
N1683,N1682,caused_by
N1684,N1682,caused_by
N1673,N1682,caused_by
N1685,N1682,caused_by
N1681,N1682,caused_by
N1686,N1682,is_a_risk_factor_of
N1687,N1682,is_a_risk_factor_of
N1688,N1682,is_a_risk_factor_of
N760,N1682,can_cause
N686,N1682,can_cause
N1690,N1689,caused_by
N1681,N1689,caused_by
N1684,N1689,caused_by
N427,N1691,caused_by
N4,N1691,caused_by
N270,N1691,caused_by
N7,N1691,caused_by
N1684,N1691,caused_by
N86,N1691,caused_by
N1179,N1692,caused_by
N1681,N1692,caused_by
N1693,N1692,is_a_risk_factor_of
N1145,N1692,is_a_risk_factor_of
N120,N1692,is_a_risk_factor_of
N1657,N1692,is_a_risk_factor_of
N1179,N1694,caused_by
N1644,N1694,caused_by
N169,N1694,caused_by
N967,N1694,caused_by
N139,N1694,caused_by
N125,N1694,caused_by
N1654,N1694,caused_by
N1681,N1694,caused_by
N1695,N1694,is_a_risk_factor_of
N492,N1694,can_cause
N422,N1694,can_cause
N952,N1694,can_cause
N238,N1694,can_cause
N1650,N1694,can_cause
N1681,N1696,caused_by
N817,N1696,is_a_risk_factor_of
N1697,N1696,can_cause
N1681,N1698,caused_by
N1699,N1698,is_a_risk_factor_of
N474,N1698,can_cause
N458,N1700,caused_by
N427,N1700,caused_by
N636,N1700,caused_by
N86,N1700,caused_by
N1701,N1700,caused_by
N1702,N1700,is_a_risk_factor_of
N1146,N1700,is_a_risk_factor_of
N690,N1703,caused_by
N96,N1703,caused_by
N1704,N1703,caused_by
N691,N1703,caused_by
N577,N1703,caused_by
N84,N1703,caused_by
N770,N1703,caused_by
N1705,N1703,caused_by
N9,N1703,caused_by
N86,N1703,caused_by
N90,N1703,caused_by
N1706,N1703,can_cause
N356,N1703,can_cause
N695,N1703,can_cause
N683,N1703,can_cause
N1707,N1703,can_cause
N1705,N1708,caused_by
N1343,N1708,caused_by
N47,N1708,caused_by
N561,N1708,caused_by
N51,N1708,caused_by
N96,N1708,caused_by
N4,N1708,caused_by
N44,N1708,caused_by
N576,N1708,caused_by
N127,N1708,caused_by
N87,N1708,caused_by
N692,N1708,caused_by
N770,N1708,caused_by
N1345,N1708,caused_by
N465,N1708,caused_by
N86,N1708,caused_by
N99,N1708,caused_by
N1347,N1708,is_a_risk_factor_of
N265,N1708,can_cause
N650,N1708,can_cause
N1348,N1708,can_cause
N982,N1708,can_cause
N356,N1708,can_cause
N275,N1708,can_cause
N287,N1708,can_cause
N266,N1708,can_cause
N770,N1709,caused_by
N1705,N1709,caused_by
N1710,N1709,is_a_risk_factor_of
N1711,N1709,is_a_risk_factor_of
N1712,N1709,is_a_risk_factor_of
N612,N1709,can_cause
N1631,N1713,caused_by
N1714,N1713,caused_by
N770,N1713,caused_by
N1715,N1713,is_a_risk_factor_of
N1712,N1713,is_a_risk_factor_of
N148,N1713,is_a_risk_factor_of
N1716,N1713,can_cause
N612,N1713,can_cause
N1631,N1717,caused_by
N1714,N1717,caused_by
N770,N1717,caused_by
N1718,N1717,is_a_risk_factor_of
N1712,N1717,is_a_risk_factor_of
N1720,N1719,caused_by
N69,N1719,caused_by
N770,N1719,caused_by
N1714,N1719,caused_by
N1712,N1719,is_a_risk_factor_of
N1657,N1719,is_a_risk_factor_of
N1721,N1719,can_cause
N612,N1719,can_cause
N1723,N1722,caused_by
N16,N1722,caused_by
N1714,N1722,caused_by
N450,N1722,caused_by
N1724,N1722,caused_by
N1725,N1722,caused_by
N1726,N1722,caused_by
N946,N1722,caused_by
N32,N1722,caused_by
N34,N1722,caused_by
N77,N1722,caused_by
N942,N1722,caused_by
N794,N1722,can_cause
N57,N1722,can_cause
N64,N1722,can_cause
N1728,N1727,caused_by
N16,N1727,caused_by
N946,N1727,caused_by
N661,N1727,caused_by
N1729,N1727,caused_by
N942,N1727,caused_by
N511,N1727,caused_by
N1730,N1727,is_a_risk_factor_of
N581,N1727,can_cause
N1650,N1727,can_cause
N196,N1727,can_cause
N16,N1731,caused_by
N32,N1731,caused_by
N942,N1731,caused_by
N70,N1731,caused_by
N109,N1731,is_a_risk_factor_of
N1732,N1731,is_a_risk_factor_of
N112,N1731,can_cause
N1650,N1731,can_cause
N84,N751,caused_by
N96,N751,caused_by
N1923,N751,caused_by
N842,N751,can_cause
N722,N751,can_cause
N777,N751,can_cause
N755,N751,can_cause
N628,N751,can_cause
N760,N751,is_a_risk_factor_of
N1331,N751,is_a_risk_factor_of
N456,N751,is_a_risk_factor_of
N686,N751,is_a_risk_factor_of
N722,N751,is_a_risk_factor_of
N842,N751,is_a_risk_factor_of
N1578,N1607,caused_by
N96,N1607,caused_by
N139,N1607,caused_by
N187,N1607,caused_by
N760,N1607,can_cause
N777,N1607,can_cause
N842,N1607,can_cause
N312,N1607,can_cause
N1365,N1607,can_cause
N760,N1607,is_a_risk_factor_of
N456,N1607,is_a_risk_factor_of
N842,N1607,is_a_risk_factor_of
N686,N1607,is_a_risk_factor_of
N1160,N1607,is_a_risk_factor_of
N1118,N989,caused_by
N226,N989,caused_by
N1505,N989,caused_by
N578,N989,caused_by
N700,N989,caused_by
N1469,N989,can_cause
N1200,N989,can_cause
N282,N989,can_cause
N14,N989,can_cause
N282,N989,is_a_risk_factor_of
N686,N989,is_a_risk_factor_of
N1331,N989,is_a_risk_factor_of
N14,N989,is_a_risk_factor_of
N1544,N989,is_a_risk_factor_of
N770,N1733,caused_by
N692,N1733,caused_by
N96,N1733,caused_by
N285,N1733,caused_by
N1166,N1733,caused_by
N1924,N1733,caused_by
N1925,N1733,caused_by
N1926,N1733,can_cause
N1927,N1733,can_cause
N1928,N1733,can_cause
N1668,N1733,can_cause
N686,N1733,is_a_risk_factor_of
N238,N1733,is_a_risk_factor_of
N642,N1733,is_a_risk_factor_of
N752,N1733,is_a_risk_factor_of
N1708,N1733,is_a_risk_factor_of
N1644,N1597,caused_by
N129,N1597,caused_by
N69,N1597,caused_by
N240,N1597,can_cause
N1469,N1597,can_cause
N1605,N1597,can_cause
N967,N1597,can_cause
N1289,N1597,is_a_risk_factor_of
N1605,N1597,is_a_risk_factor_of
N686,N1597,is_a_risk_factor_of
N1670,N1597,is_a_risk_factor_of
N1616,N1613,caused_by
N1929,N1613,caused_by
N842,N1613,can_cause
N760,N1613,can_cause
N777,N1613,can_cause
N1621,N1613,can_cause
N760,N1613,is_a_risk_factor_of
N842,N1613,is_a_risk_factor_of
N456,N1613,is_a_risk_factor_of
N1619,N1613,is_a_risk_factor_of
N686,N1613,is_a_risk_factor_of
N1118,N1342,caused_by
N700,N1342,caused_by
N1930,N1342,caused_by
N1931,N1342,caused_by
N642,N1342,can_cause
N478,N1342,can_cause
N1210,N1342,can_cause
N686,N1342,is_a_risk_factor_of
N642,N1342,is_a_risk_factor_of
N238,N1342,is_a_risk_factor_of
N478,N1342,is_a_risk_factor_of
N1932,N1342,is_a_risk_factor_of
N1118,N1708,caused_by
N700,N1708,caused_by
N43,N1708,caused_by
N1930,N1708,caused_by
N642,N1708,can_cause
N478,N1708,can_cause
N1210,N1708,can_cause
N686,N1708,is_a_risk_factor_of
N642,N1708,is_a_risk_factor_of
N238,N1708,is_a_risk_factor_of
N478,N1708,is_a_risk_factor_of
N1118,N635,caused_by
N1933,N635,caused_by
N1934,N635,caused_by
N1935,N635,caused_by
N650,N635,can_cause
N177,N635,can_cause
N722,N635,can_cause
N686,N635,is_a_risk_factor_of
N642,N635,is_a_risk_factor_of
N760,N635,is_a_risk_factor_of
N1936,N635,is_a_risk_factor_of
N907,N1703,caused_by
N91,N1703,caused_by
N693,N1703,caused_by
N1937,N1703,can_cause
N1938,N1703,can_cause
N686,N1703,is_a_risk_factor_of
N1939,N1703,is_a_risk_factor_of
N700,N79,caused_by
N488,N79,caused_by
N1649,N79,can_cause
N993,N79,can_cause
N1940,N79,can_cause
N1941,N79,can_cause
N1942,N79,can_cause
N1089,N79,is_a_risk_factor_of
N686,N79,is_a_risk_factor_of
N842,N79,is_a_risk_factor_of
N1528,N766,caused_by
N692,N766,caused_by
N752,N766,can_cause
N1943,N766,can_cause
N238,N766,is_a_risk_factor_of
N642,N766,is_a_risk_factor_of
N686,N766,is_a_risk_factor_of
N127,N489,caused_by
N126,N489,caused_by
N1944,N489,caused_by
N1469,N489,can_cause
N1945,N489,can_cause
N238,N489,is_a_risk_factor_of
N760,N489,is_a_risk_factor_of
N282,N489,is_a_risk_factor_of
N1946,N489,is_a_risk_factor_of
N1812,N489,is_a_risk_factor_of
N270,N1734,caused_by
N271,N1734,caused_by
N1107,N1734,caused_by
N700,N1734,caused_by
N642,N1734,can_cause
N438,N1734,can_cause
N1638,N1734,can_cause
N238,N1734,can_cause
N1947,N1734,can_cause
N1331,N1734,is_a_risk_factor_of
N642,N1734,is_a_risk_factor_of
N438,N1734,is_a_risk_factor_of
N238,N1734,is_a_risk_factor_of
N686,N1734,is_a_risk_factor_of
N760,N1734,is_a_risk_factor_of
N304,N895,caused_by
N1707,N895,caused_by
N1008,N895,caused_by
N1948,N895,caused_by
N1949,N895,can_cause
N1950,N895,can_cause
N1951,N895,can_cause
N1952,N895,is_a_risk_factor_of
N565,N895,is_a_risk_factor_of
N1953,N895,is_a_risk_factor_of
N1118,N1326,caused_by
N1123,N1326,caused_by
N1121,N1326,caused_by
N990,N1326,caused_by
N1594,N1326,caused_by
N700,N1326,caused_by
N1638,N1326,can_cause
N1954,N1326,can_cause
N1955,N1326,can_cause
N1331,N1326,is_a_risk_factor_of
N686,N1326,is_a_risk_factor_of
N1544,N1326,is_a_risk_factor_of
N1956,N1326,is_a_risk_factor_of
N801,N814,caused_by
N285,N814,caused_by
N1707,N814,caused_by
N1957,N814,caused_by
N1958,N814,caused_by
N1078,N814,can_cause
N1698,N814,can_cause
N817,N814,can_cause
N1959,N814,can_cause
N722,N814,is_a_risk_factor_of
N1959,N814,is_a_risk_factor_of
N2,N1735,caused_by
N226,N1735,caused_by
N577,N1735,caused_by
N1960,N1735,caused_by
N1961,N1735,caused_by
N1962,N1735,caused_by
N1469,N1735,can_cause
N282,N1735,can_cause
N1963,N1735,can_cause
N686,N1735,is_a_risk_factor_of
N282,N1735,is_a_risk_factor_of
N238,N1735,is_a_risk_factor_of
N1964,N1735,is_a_risk_factor_of
N1707,N850,caused_by
N516,N850,caused_by
N1469,N850,can_cause
N1965,N850,can_cause
N1966,N850,can_cause
N784,N850,is_a_risk_factor_of
N1967,N850,is_a_risk_factor_of
N1968,N1607,is_a_risk_factor_of
N1118,N1593,caused_by
N578,N1593,caused_by
N1960,N1593,caused_by
N1961,N1593,caused_by
N1751,N1593,can_cause
N1969,N1593,can_cause
N1970,N1593,can_cause
N565,N1593,is_a_risk_factor_of
N215,N1593,is_a_risk_factor_of
N1971,N1593,is_a_risk_factor_of
N1972,N1593,is_a_risk_factor_of
N1973,N1593,is_a_risk_factor_of
N506,N382,caused_by
N1974,N382,caused_by
N1118,N382,caused_by
N1947,N382,can_cause
N642,N382,can_cause
N1975,N382,can_cause
N1331,N382,is_a_risk_factor_of
N642,N382,is_a_risk_factor_of
N438,N382,is_a_risk_factor_of
N238,N382,is_a_risk_factor_of
N686,N382,is_a_risk_factor_of
N510,N1736,caused_by
N1976,N1736,caused_by
N1977,N1736,can_cause
N1978,N1736,can_cause
N135,N1736,is_a_risk_factor_of
N1557,N1736,is_a_risk_factor_of
N1979,N1736,is_a_risk_factor_of
N1980,N432,caused_by
N1118,N432,caused_by
N660,N432,caused_by
N285,N432,caused_by
N1947,N432,can_cause
N478,N432,can_cause
N642,N432,can_cause
N1981,N432,can_cause
N1331,N432,is_a_risk_factor_of
N642,N432,is_a_risk_factor_of
N238,N432,is_a_risk_factor_of
N686,N432,is_a_risk_factor_of
N760,N432,is_a_risk_factor_of
N1008,N1042,caused_by
N192,N1042,caused_by
N331,N1042,can_cause
N563,N1042,can_cause
N1982,N1042,can_cause
N1289,N1042,is_a_risk_factor_of
N686,N1042,is_a_risk_factor_of
N563,N1042,is_a_risk_factor_of
N1983,N1042,is_a_risk_factor_of
N695,N1028,caused_by
N285,N1028,caused_by
N1707,N1028,caused_by
N976,N1028,can_cause
N1535,N1028,can_cause
N974,N1028,can_cause
N1984,N1028,is_a_risk_factor_of
N185,N891,caused_by
N304,N891,caused_by
N1014,N891,caused_by
N1365,N891,can_cause
N777,N891,can_cause
N974,N891,can_cause
N1638,N891,is_a_risk_factor_of
N1985,N891,is_a_risk_factor_of
N1118,N1119,caused_by
N1594,N1119,caused_by
N1986,N1119,caused_by
N1987,N1119,caused_by
N1954,N1119,can_cause
N1988,N1119,can_cause
N264,N1119,is_a_risk_factor_of
N1544,N1119,is_a_risk_factor_of
N506,N432,caused_by
N1989,N864,caused_by
N125,N864,caused_by
N285,N864,caused_by
N240,N864,can_cause
N1469,N864,can_cause
N1162,N864,can_cause
N1289,N864,is_a_risk_factor_of
N873,N864,is_a_risk_factor_of
N1605,N864,is_a_risk_factor_of
N158,N864,is_a_risk_factor_of
N1181,N1737,caused_by
N815,N1737,caused_by
N1990,N1737,caused_by
N1991,N1737,can_cause
N628,N1737,can_cause
N777,N1737,can_cause
N1495,N1737,is_a_risk_factor_of
N817,N1737,is_a_risk_factor_of
N628,N1737,is_a_risk_factor_of
N285,N829,caused_by
N1707,N829,caused_by
N1078,N829,can_cause
N1469,N829,can_cause
N1992,N829,can_cause
N818,N829,is_a_risk_factor_of
N1289,N829,is_a_risk_factor_of
N760,N829,is_a_risk_factor_of
N1993,N829,is_a_risk_factor_of
N1320,N1336,caused_by
N285,N1336,caused_by
N1991,N1336,can_cause
N1997,N1336,can_cause
N1495,N1336,is_a_risk_factor_of
N817,N1336,is_a_risk_factor_of
N285,N943,caused_by
N1707,N943,caused_by
N44,N943,caused_by
N1202,N943,caused_by
N238,N943,can_cause
N1998,N943,can_cause
N1999,N943,can_cause
N238,N943,is_a_risk_factor_of
N2000,N943,is_a_risk_factor_of
N69,N1019,caused_by
N1008,N1019,caused_by
N695,N1019,caused_by
N1015,N1019,caused_by
N855,N1019,can_cause
N1008,N1019,can_cause
N686,N1019,is_a_risk_factor_of
N1008,N1019,is_a_risk_factor_of
N760,N1019,is_a_risk_factor_of
N1403,N1607,caused_by
N948,N1607,caused_by
N948,N1607,is_a_risk_factor_of
N1118,N1274,caused_by
N270,N1274,caused_by
N990,N1274,caused_by
N1638,N1274,can_cause
N2001,N1274,can_cause
N2002,N1274,can_cause
N1331,N1274,is_a_risk_factor_of
N686,N1274,is_a_risk_factor_of
N2003,N1274,is_a_risk_factor_of
N1660,N1738,caused_by
N130,N1738,caused_by
N2004,N1738,caused_by
N1595,N1738,can_cause
N2005,N1738,can_cause
N565,N1738,is_a_risk_factor_of
N2006,N1738,is_a_risk_factor_of
N801,N819,caused_by
N38,N819,caused_by
N1957,N819,caused_by
N1698,N819,can_cause
N817,N819,can_cause
N2007,N819,can_cause
N722,N819,is_a_risk_factor_of
N1331,N819,is_a_risk_factor_of
N226,N1086,caused_by
N2008,N1086,caused_by
N1078,N1086,can_cause
N1469,N1086,can_cause
N1759,N1086,can_cause
N818,N1086,is_a_risk_factor_of
N2009,N1086,is_a_risk_factor_of
N96,N1739,caused_by
N1062,N1739,caused_by
N293,N1739,caused_by
N473,N1739,can_cause
N1978,N1739,can_cause
N1979,N1739,is_a_risk_factor_of
N2010,N1739,is_a_risk_factor_of
N1557,N1739,is_a_risk_factor_of
N1046,N1740,caused_by
N39,N1740,caused_by
N96,N1740,caused_by
N1140,N1740,caused_by
N2011,N1740,caused_by
N2012,N1740,caused_by
N628,N1740,can_cause
N777,N1740,can_cause
N2013,N1740,can_cause
N628,N1740,is_a_risk_factor_of
N2014,N1740,is_a_risk_factor_of
N2015,N1740,is_a_risk_factor_of
N2008,N1084,caused_by
N798,N1084,caused_by
N1957,N1084,caused_by
N1638,N1084,can_cause
N819,N1084,can_cause
N1331,N1084,is_a_risk_factor_of
N686,N1084,is_a_risk_factor_of
N238,N1084,is_a_risk_factor_of
N1482,N489,caused_by
N1482,N489,can_cause
N9,N1741,caused_by
N2016,N1741,caused_by
N299,N1741,caused_by
N577,N1741,caused_by
N17,N1741,caused_by
N1595,N1741,can_cause
N2005,N1741,can_cause
N565,N1741,is_a_risk_factor_of
N2006,N1741,is_a_risk_factor_of
N2017,N1357,caused_by
N1370,N1357,caused_by
N95,N1357,caused_by
N630,N1357,caused_by
N1174,N1357,caused_by
N1365,N1357,can_cause
N777,N1357,can_cause
N2018,N1357,can_cause
N1289,N1357,is_a_risk_factor_of
N2019,N1357,is_a_risk_factor_of
N2020,N1357,is_a_risk_factor_of
N868,N875,caused_by
N1989,N875,caused_by
N2021,N875,can_cause
N2022,N875,can_cause
N1038,N875,is_a_risk_factor_of
N878,N875,is_a_risk_factor_of
N2023,N875,is_a_risk_factor_of
N1300,N1321,caused_by
N1148,N1321,can_cause
N685,N1321,can_cause
N686,N1321,is_a_risk_factor_of
N2024,N1321,is_a_risk_factor_of
N2025,N1321,is_a_risk_factor_of
N379,N1742,caused_by
N1310,N1742,caused_by
N97,N1742,caused_by
N1175,N1742,caused_by
N400,N1742,caused_by
N685,N1742,can_cause
N1204,N1742,can_cause
N686,N1742,is_a_risk_factor_of
N2026,N1742,is_a_risk_factor_of
N2,N1743,caused_by
N304,N1743,caused_by
N857,N1743,caused_by
N226,N1743,caused_by
N1469,N1743,can_cause
N1482,N1743,can_cause
N2028,N1743,can_cause
N1952,N1743,is_a_risk_factor_of
N282,N1743,is_a_risk_factor_of
N1515,N1744,caused_by
N2029,N1744,caused_by
N1403,N1744,can_cause
N1515,N1744,can_cause
N1753,N1744,can_cause
N238,N1744,is_a_risk_factor_of
N1403,N1744,is_a_risk_factor_of
N1753,N1744,is_a_risk_factor_of
N293,N1745,caused_by
N1062,N1745,caused_by
N38,N1745,caused_by
N1091,N1745,caused_by
N1595,N1745,can_cause
N2005,N1745,can_cause
N565,N1745,is_a_risk_factor_of
N2006,N1745,is_a_risk_factor_of
N528,N1668,caused_by
N1525,N1668,caused_by
N2031,N1668,can_cause
N634,N1668,is_a_risk_factor_of
N2032,N1668,is_a_risk_factor_of
N292,N1746,caused_by
N96,N1746,caused_by
N770,N1746,caused_by
N692,N1746,caused_by
N1927,N1746,can_cause
N515,N1746,can_cause
N563,N1746,can_cause
N608,N1746,is_a_risk_factor_of
N1714,N1746,is_a_risk_factor_of
N577,N1737,caused_by
N184,N1737,caused_by
N1320,N1737,caused_by
N2,N1747,caused_by
N226,N1747,caused_by
N2033,N1747,caused_by
N1469,N1747,can_cause
N1963,N1747,can_cause
N2034,N1747,can_cause
N282,N1747,is_a_risk_factor_of
N1964,N1747,is_a_risk_factor_of
N686,N1747,is_a_risk_factor_of
N1118,N1748,caused_by
N990,N1748,caused_by
N992,N1748,caused_by
N270,N1748,caused_by
N38,N1748,caused_by
N1595,N1748,can_cause
N2005,N1748,can_cause
N565,N1748,is_a_risk_factor_of
N2006,N1748,is_a_risk_factor_of
N1660,N1749,caused_by
N96,N1749,caused_by
N2004,N1749,caused_by
N2035,N1749,caused_by
N518,N1749,can_cause
N2036,N1749,can_cause
N686,N1749,is_a_risk_factor_of
N2037,N1749,is_a_risk_factor_of
N587,N1537,caused_by
N1491,N1537,caused_by
N2,N1537,caused_by
N1365,N1537,can_cause
N777,N1537,can_cause
N1289,N1537,is_a_risk_factor_of
N2038,N1537,is_a_risk_factor_of
N563,N1537,is_a_risk_factor_of
N594,N1737,caused_by
N1174,N1737,caused_by
N2039,N1737,caused_by
N2040,N1737,can_cause
N892,N1750,caused_by
N185,N1750,caused_by
N69,N1750,caused_by
N1014,N1750,caused_by
N968,N1750,caused_by
N1365,N1750,can_cause
N974,N1750,can_cause
N777,N1750,can_cause
N1985,N1750,is_a_risk_factor_of
N127,N1751,caused_by
N126,N1751,caused_by
N586,N1751,caused_by
N90,N1751,caused_by
N1969,N1751,can_cause
N1970,N1751,can_cause
N1971,N1751,is_a_risk_factor_of
N1972,N1751,is_a_risk_factor_of
N565,N1751,is_a_risk_factor_of
N215,N1751,is_a_risk_factor_of
N723,N1607,caused_by
N630,N1607,caused_by
N1441,N1607,caused_by
N948,N1607,can_cause
N285,N1158,caused_by
N1707,N1158,caused_by
N1578,N1158,caused_by
N767,N1158,caused_by
N515,N1158,can_cause
N948,N1158,is_a_risk_factor_of
N1960,N79,caused_by
N683,N79,can_cause
N2041,N79,is_a_risk_factor_of
N9,N1752,caused_by
N577,N1752,caused_by
N2016,N1752,caused_by
N594,N1752,caused_by
N357,N1752,can_cause
N937,N1752,can_cause
N2042,N1752,can_cause
N686,N1752,is_a_risk_factor_of
N937,N1752,is_a_risk_factor_of
N722,N1752,is_a_risk_factor_of
N700,N656,caused_by
N1107,N656,caused_by
N436,N656,caused_by
N96,N656,caused_by
N650,N656,can_cause
N2043,N656,can_cause
N2044,N656,can_cause
N686,N656,is_a_risk_factor_of
N2045,N656,is_a_risk_factor_of
N126,N1753,caused_by
N90,N1753,caused_by
N1448,N1753,caused_by
N2046,N1753,caused_by
N2047,N1753,can_cause
N1638,N1753,can_cause
N238,N1753,can_cause
N1331,N1753,is_a_risk_factor_of
N238,N1753,is_a_risk_factor_of
N642,N1753,is_a_risk_factor_of
N438,N1753,is_a_risk_factor_of
N686,N1753,is_a_risk_factor_of
N724,N1204,caused_by
N529,N1204,caused_by
N720,N1204,caused_by
N721,N1204,caused_by
N1204,N1204,can_cause
N2048,N1204,can_cause
N2047,N1204,can_cause
N642,N1204,is_a_risk_factor_of
N1295,N1204,is_a_risk_factor_of
N238,N1204,is_a_risk_factor_of
N635,N1204,is_a_risk_factor_of
N1594,N1661,caused_by
N2049,N1661,can_cause
N737,N1661,can_cause
N1331,N1661,is_a_risk_factor_of
N2050,N1661,is_a_risk_factor_of
N293,N1073,caused_by
N38,N1073,caused_by
N1091,N1073,caused_by
N987,N1073,caused_by
N1076,N1073,can_cause
N1074,N1073,can_cause
N988,N1073,is_a_risk_factor_of
N1927,N766,can_cause
N479,N489,caused_by
N1933,N643,caused_by
N1118,N643,caused_by
N96,N643,caused_by
N1934,N643,caused_by
N642,N643,can_cause
N650,N643,can_cause
N177,N643,can_cause
N686,N643,is_a_risk_factor_of
N642,N643,is_a_risk_factor_of
N1310,N1280,caused_by
N379,N1280,caused_by
N685,N1280,can_cause
N686,N1280,is_a_risk_factor_of
N2026,N1280,is_a_risk_factor_of
N770,N1735,caused_by
N74,N509,can_cause
N518,N509,can_cause
N2052,N509,can_cause
N282,N509,is_a_risk_factor_of
N2053,N509,is_a_risk_factor_of
N595,N1754,caused_by
N2054,N1754,caused_by
N1961,N1754,caused_by
N1701,N1754,caused_by
N1702,N1754,caused_by
N2055,N1754,can_cause
N2056,N1754,can_cause
N639,N1754,is_a_risk_factor_of
N686,N1754,is_a_risk_factor_of
N2029,N1607,caused_by
N1515,N1607,caused_by
N1403,N1607,can_cause
N1753,N1607,can_cause
N238,N1607,is_a_risk_factor_of
N1403,N1607,is_a_risk_factor_of
N2057,N243,caused_by
N140,N243,can_cause
N777,N243,can_cause
N2058,N243,can_cause
N1289,N243,is_a_risk_factor_of
N686,N243,is_a_risk_factor_of
N140,N243,is_a_risk_factor_of
N2059,N243,is_a_risk_factor_of
N719,N929,caused_by
N577,N929,caused_by
N1707,N929,caused_by
N594,N929,caused_by
N937,N929,can_cause
N2060,N929,can_cause
N642,N929,is_a_risk_factor_of
N686,N929,is_a_risk_factor_of
N937,N929,is_a_risk_factor_of
N304,N1755,caused_by
N987,N1755,caused_by
N1088,N1755,caused_by
N1076,N1755,can_cause
N1970,N1755,can_cause
N2061,N1755,is_a_risk_factor_of
N565,N1755,is_a_risk_factor_of
N2062,N1735,caused_by
N506,N1734,caused_by
N1118,N1734,caused_by
N1981,N1734,can_cause
N1209,N674,caused_by
N84,N674,caused_by
N2063,N674,caused_by
N1301,N674,can_cause
N1167,N674,can_cause
N2064,N674,can_cause
N686,N674,is_a_risk_factor_of
N2065,N674,is_a_risk_factor_of
N700,N1119,caused_by
N1660,N1756,caused_by
N96,N1756,caused_by
N462,N1756,caused_by
N2066,N1756,caused_by
N777,N1756,can_cause
N2067,N1756,can_cause
N2068,N1756,is_a_risk_factor_of
N1933,N644,caused_by
N2069,N644,caused_by
N1118,N644,caused_by
N84,N644,caused_by
N436,N644,caused_by
N478,N644,can_cause
N1211,N644,can_cause
N2070,N644,can_cause
N478,N644,is_a_risk_factor_of
N1936,N644,is_a_risk_factor_of
N2071,N1739,caused_by
N90,N1757,caused_by
N2072,N1757,caused_by
N2073,N1757,caused_by
N1753,N1757,can_cause
N1469,N1757,can_cause
N2074,N1757,can_cause
N238,N1757,is_a_risk_factor_of
N1753,N1757,is_a_risk_factor_of
N1331,N1757,is_a_risk_factor_of
N2075,N572,caused_by
N2,N572,caused_by
N1200,N572,can_cause
N1469,N572,can_cause
N878,N572,is_a_risk_factor_of
N2076,N572,is_a_risk_factor_of
N868,N1758,caused_by
N877,N1758,caused_by
N692,N1758,caused_by
N1928,N1758,can_cause
N2077,N1758,can_cause
N873,N1758,is_a_risk_factor_of
N1670,N1758,is_a_risk_factor_of
N2008,N1759,caused_by
N293,N1759,caused_by
N834,N1759,caused_by
N1528,N1759,caused_by
N1078,N1759,can_cause
N2078,N1759,can_cause
N1595,N1759,can_cause
N818,N1759,is_a_risk_factor_of
N34,N35,caused_by
N2079,N35,caused_by
N62,N35,caused_by
N684,N35,can_cause
N1077,N35,can_cause
N1289,N35,is_a_risk_factor_of
N1273,N35,is_a_risk_factor_of
N940,N35,is_a_risk_factor_of
N1118,N1760,caused_by
N700,N1760,caused_by
N43,N1760,caused_by
N96,N1760,caused_by
N1933,N1760,caused_by
N478,N1760,can_cause
N1698,N1760,can_cause
N2080,N1760,can_cause
N702,N1760,is_a_risk_factor_of
N642,N1760,is_a_risk_factor_of
N2,N1761,caused_by
N304,N1761,caused_by
N987,N1761,caused_by
N857,N1761,caused_by
N577,N1761,caused_by
N1469,N1761,can_cause
N1076,N1761,can_cause
N2081,N1761,can_cause
N987,N1761,is_a_risk_factor_of
N2061,N1761,is_a_risk_factor_of
N923,N703,caused_by
N1707,N703,caused_by
N2060,N703,can_cause
N642,N703,is_a_risk_factor_of
N1331,N703,is_a_risk_factor_of
N2082,N703,is_a_risk_factor_of
N700,N751,caused_by
N1346,N751,caused_by
N642,N751,can_cause
N642,N751,is_a_risk_factor_of
N1339,N1762,caused_by
N1302,N1762,caused_by
N2083,N1762,caused_by
N324,N1762,can_cause
N2084,N1762,can_cause
N324,N1762,is_a_risk_factor_of
N2085,N1762,is_a_risk_factor_of
N846,N1763,caused_by
N304,N1763,caused_by
N130,N1763,caused_by
N2047,N1763,can_cause
N642,N1763,can_cause
N2086,N1763,can_cause
N1331,N1763,is_a_risk_factor_of
N642,N1763,is_a_risk_factor_of
N686,N1763,is_a_risk_factor_of
N878,N1763,is_a_risk_factor_of
N1002,N1764,caused_by
N2,N1764,caused_by
N2087,N1764,caused_by
N1469,N1764,can_cause
N2088,N1764,can_cause
N1034,N1764,is_a_risk_factor_of
N282,N1764,is_a_risk_factor_of
N1728,N167,can_cause
N1600,N167,can_cause
N277,N167,is_a_risk_factor_of
N666,N167,is_a_risk_factor_of
N1365,N1431,can_cause
N777,N1431,can_cause
N1289,N1431,is_a_risk_factor_of
N563,N1431,is_a_risk_factor_of
N906,N1025,caused_by
N695,N1025,caused_by
N304,N1025,caused_by
N2089,N1025,can_cause
N975,N1025,can_cause
N975,N1025,is_a_risk_factor_of
N686,N1025,is_a_risk_factor_of
N462,N1765,caused_by
N577,N1765,caused_by
N2071,N1765,caused_by
N461,N1765,caused_by
N962,N1765,can_cause
N1200,N1765,can_cause
N2091,N1765,can_cause
N817,N1765,is_a_risk_factor_of
N2092,N1765,is_a_risk_factor_of
N1960,N1703,caused_by
N1962,N1703,caused_by
N692,N1703,caused_by
N2093,N1703,can_cause
N227,N279,caused_by
N2094,N279,caused_by
N2,N279,caused_by
N1469,N279,can_cause
N175,N279,is_a_risk_factor_of
N278,N279,is_a_risk_factor_of
N1482,N1019,caused_by
N1492,N1766,caused_by
N1118,N1766,caused_by
N990,N1766,caused_by
N96,N1766,caused_by
N510,N1766,caused_by
N1365,N1766,can_cause
N74,N1766,can_cause
N2095,N1766,can_cause
N563,N1766,is_a_risk_factor_of
N2096,N1766,is_a_risk_factor_of
N2097,N1767,caused_by
N2098,N1767,caused_by
N1118,N1767,caused_by
N1988,N1767,can_cause
N688,N1767,can_cause
N2099,N1767,can_cause
N2100,N1767,is_a_risk_factor_of
N1125,N1767,is_a_risk_factor_of
N990,N0,caused_by
N259,N0,caused_by
N1200,N0,can_cause
N2101,N0,can_cause
N580,N0,is_a_risk_factor_of
N282,N0,is_a_risk_factor_of
N554,N0,is_a_risk_factor_of
N595,N1768,caused_by
N636,N1768,caused_by
N1930,N1768,caused_by
N2054,N1768,caused_by
N1931,N1768,caused_by
N1708,N1768,can_cause
N1585,N1768,can_cause
N2102,N1768,can_cause
N1708,N1768,is_a_risk_factor_of
N2103,N1768,is_a_risk_factor_of
N529,N718,caused_by
N921,N718,caused_by
N95,N718,caused_by
N2048,N718,can_cause
N2047,N718,can_cause
N1208,N718,can_cause
N642,N718,is_a_risk_factor_of
N1295,N718,is_a_risk_factor_of
N635,N718,is_a_risk_factor_of
N238,N718,is_a_risk_factor_of
N1118,N1769,caused_by
N990,N1769,caused_by
N2,N1769,caused_by
N2054,N1769,caused_by
N2104,N1769,can_cause
N1372,N1769,can_cause
N594,N1769,is_a_risk_factor_of
N686,N1769,is_a_risk_factor_of
N2105,N1769,is_a_risk_factor_of
N1933,N1770,caused_by
N2106,N1770,caused_by
N1118,N1770,caused_by
N84,N1770,caused_by
N647,N1770,caused_by
N701,N1770,can_cause
N2107,N1770,can_cause
N626,N1770,is_a_risk_factor_of
N1372,N839,caused_by
N270,N839,caused_by
N2108,N839,caused_by
N2109,N839,can_cause
N784,N839,is_a_risk_factor_of
N1320,N1771,caused_by
N1933,N1771,caused_by
N1111,N1771,caused_by
N2110,N1771,caused_by
N628,N1771,can_cause
N2111,N1771,can_cause
N628,N1771,is_a_risk_factor_of
N2112,N1771,is_a_risk_factor_of
N807,N1551,caused_by
N2113,N1551,caused_by
N2114,N1551,caused_by
N1200,N1551,can_cause
N2115,N1551,can_cause
N686,N1551,is_a_risk_factor_of
N282,N1551,is_a_risk_factor_of
N38,N1736,caused_by
N543,N1736,caused_by
N2,N1736,caused_by
N630,N1440,caused_by
N1430,N1440,can_cause
N2116,N1440,can_cause
N1460,N1440,is_a_risk_factor_of
N2117,N1772,caused_by
N436,N1772,caused_by
N84,N1772,caused_by
N96,N1772,caused_by
N1118,N1772,caused_by
N701,N1772,can_cause
N478,N1772,can_cause
N2118,N1772,can_cause
N686,N1772,is_a_risk_factor_of
N478,N1772,is_a_risk_factor_of
N1660,N1773,caused_by
N2,N1773,caused_by
N2119,N1773,caused_by
N1469,N1773,can_cause
N2120,N1773,can_cause
N238,N1773,is_a_risk_factor_of
N282,N1773,is_a_risk_factor_of
N2121,N1773,is_a_risk_factor_of
N1118,N1754,caused_by
N1037,N1012,caused_by
N881,N1012,can_cause
N1018,N1012,can_cause
N777,N1012,can_cause
N686,N1012,is_a_risk_factor_of
N881,N1012,is_a_risk_factor_of
N2122,N1012,is_a_risk_factor_of
N577,N1165,caused_by
N1076,N1165,can_cause
N537,N1165,can_cause
N2123,N1165,can_cause
N2061,N1165,is_a_risk_factor_of
N2124,N1165,is_a_risk_factor_of
N1948,N1774,caused_by
N44,N1774,caused_by
N1008,N1774,caused_by
N1707,N1774,caused_by
N2125,N1774,caused_by
N1211,N1774,can_cause
N1167,N1774,can_cause
N2126,N1774,can_cause
N1972,N1774,is_a_risk_factor_of
N1211,N1774,is_a_risk_factor_of
N660,N1607,caused_by
N577,N1607,caused_by
N184,N1607,caused_by
N632,N1607,can_cause
N358,N1607,can_cause
N1156,N1607,is_a_risk_factor_of
N494,N0,can_cause
N543,N512,caused_by
N777,N512,can_cause
N686,N512,is_a_risk_factor_of
N2127,N512,is_a_risk_factor_of
N2128,N1753,caused_by
N2048,N1753,can_cause
N635,N1753,is_a_risk_factor_of
N1753,N1753,is_a_risk_factor_of
N127,N1775,caused_by
N126,N1775,caused_by
N1898,N1775,caused_by
N1969,N1775,can_cause
N2129,N1775,can_cause
N760,N1775,is_a_risk_factor_of
N686,N1775,is_a_risk_factor_of
N2130,N1775,is_a_risk_factor_of
N987,N1765,caused_by
N2131,N1765,caused_by
N1076,N1765,can_cause
N2061,N1765,is_a_risk_factor_of
N285,N1185,caused_by
N1707,N1185,caused_by
N577,N1185,caused_by
N2132,N1185,can_cause
N1699,N1185,can_cause
N324,N1185,is_a_risk_factor_of
N2133,N1185,is_a_risk_factor_of
N129,N1758,caused_by
N875,N1758,can_cause
N1038,N1758,is_a_risk_factor_of
N2023,N1758,is_a_risk_factor_of
N69,N1776,caused_by
N2134,N1776,caused_by
N217,N1776,can_cause
N2135,N1776,can_cause
N2038,N1776,is_a_risk_factor_of
N2136,N1776,is_a_risk_factor_of
N2,N1777,caused_by
N293,N1777,caused_by
N226,N1777,caused_by
N1091,N1777,caused_by
N1469,N1777,can_cause
N1482,N1777,can_cause
N2137,N1777,can_cause
N282,N1777,is_a_risk_factor_of
N238,N1777,is_a_risk_factor_of
N923,N751,caused_by
N2138,N751,caused_by
N2139,N751,can_cause
N2140,N751,is_a_risk_factor_of
N700,N1768,caused_by
N769,N1607,caused_by
N43,N1607,caused_by
N292,N1607,caused_by
N2141,N1607,caused_by
N758,N1607,can_cause
N642,N1607,is_a_risk_factor_of
N491,N1778,caused_by
N1944,N1778,caused_by
N1482,N1778,caused_by
N2142,N1778,caused_by
N1469,N1778,can_cause
N1482,N1778,can_cause
N1945,N1778,can_cause
N238,N1778,is_a_risk_factor_of
N282,N1778,is_a_risk_factor_of
N1979,N1778,is_a_risk_factor_of
N848,N850,caused_by
N1948,N1779,caused_by
N987,N1779,caused_by
N2134,N1779,caused_by
N38,N1779,caused_by
N777,N1779,can_cause
N2058,N1779,can_cause
N1289,N1779,is_a_risk_factor_of
N2059,N1779,is_a_risk_factor_of
N2143,N1779,is_a_risk_factor_of
N562,N547,caused_by
N2144,N547,caused_by
N1365,N547,can_cause
N2145,N547,can_cause
N2076,N547,is_a_risk_factor_of
N563,N547,is_a_risk_factor_of
N2146,N404,caused_by
N346,N404,caused_by
N418,N404,can_cause
N2147,N404,is_a_risk_factor_of
N577,N1754,caused_by
N1078,N819,can_cause
N491,N1780,caused_by
N2073,N1780,caused_by
N2,N1780,caused_by
N880,N1780,caused_by
N2148,N1780,caused_by
N1469,N1780,can_cause
N494,N1780,can_cause
N1945,N1780,can_cause
N238,N1780,is_a_risk_factor_of
N282,N1780,is_a_risk_factor_of
N2029,N1781,caused_by
N2149,N1781,caused_by
N1515,N1781,can_cause
N2150,N1781,can_cause
N1971,N1781,is_a_risk_factor_of
N686,N1781,is_a_risk_factor_of
N2151,N1781,is_a_risk_factor_of
N1424,N1475,caused_by
N1469,N1475,can_cause
N2120,N1475,can_cause
N1478,N1475,is_a_risk_factor_of
N282,N1475,is_a_risk_factor_of
N238,N1475,is_a_risk_factor_of
N1372,N1782,caused_by
N38,N1782,caused_by
N270,N1782,caused_by
N2152,N1782,caused_by
N532,N1782,can_cause
N1698,N1782,can_cause
N2153,N1782,can_cause
N1331,N1782,is_a_risk_factor_of
N817,N1782,is_a_risk_factor_of
N1962,N689,caused_by
N1960,N689,caused_by
N577,N689,caused_by
N1704,N689,caused_by
N683,N689,can_cause
N2093,N689,can_cause
N2154,N689,can_cause
N686,N689,is_a_risk_factor_of
N2155,N689,is_a_risk_factor_of
N2071,N833,caused_by
N1200,N833,can_cause
N1074,N833,can_cause
N962,N833,can_cause
N817,N833,is_a_risk_factor_of
N1074,N833,is_a_risk_factor_of
N1513,N1783,caused_by
N1424,N1783,caused_by
N2156,N1783,caused_by
N2157,N1783,can_cause
N1384,N1783,is_a_risk_factor_of
N1383,N1783,is_a_risk_factor_of
N880,N847,caused_by
N2,N847,caused_by
N1948,N847,caused_by
N903,N847,can_cause
N2158,N847,can_cause
N610,N847,is_a_risk_factor_of
N2159,N847,is_a_risk_factor_of
N660,N627,caused_by
N187,N627,caused_by
N577,N627,caused_by
N358,N627,can_cause
N1156,N627,is_a_risk_factor_of
N948,N627,is_a_risk_factor_of
N1969,N1744,can_cause
N1775,N1744,is_a_risk_factor_of
N798,N956,caused_by
N801,N956,caused_by
N881,N956,can_cause
N777,N956,can_cause
N2160,N956,can_cause
N1331,N956,is_a_risk_factor_of
N96,N1784,caused_by
N81,N1784,caused_by
N466,N1784,caused_by
N543,N1784,caused_by
N2161,N1784,caused_by
N518,N1784,can_cause
N2162,N1784,can_cause
N686,N1784,is_a_risk_factor_of
N2163,N1784,is_a_risk_factor_of
N1646,N1658,caused_by
N2164,N1658,caused_by
N865,N1658,caused_by
N777,N1658,can_cause
N217,N1658,can_cause
N686,N1658,is_a_risk_factor_of
N2165,N1658,is_a_risk_factor_of
N1525,N1364,caused_by
N2166,N1364,caused_by
N1365,N1364,can_cause
N2167,N1364,can_cause
N1289,N1364,is_a_risk_factor_of
N563,N1364,is_a_risk_factor_of
N2168,N1217,caused_by
N285,N1217,caused_by
N1239,N1217,can_cause
N2169,N1217,can_cause
N1289,N1217,is_a_risk_factor_of
N2170,N1217,is_a_risk_factor_of
N90,N1607,caused_by
N126,N1607,caused_by
N2046,N1607,caused_by
N1331,N1607,is_a_risk_factor_of
N24,N1785,caused_by
N97,N1785,caused_by
N395,N1785,caused_by
N348,N1785,caused_by
N1325,N1785,can_cause
N2171,N1785,can_cause
N418,N1785,is_a_risk_factor_of
N2172,N1785,is_a_risk_factor_of
N990,N1691,caused_by
N10,N1691,caused_by
N1123,N1691,caused_by
N1021,N1691,caused_by
N1200,N1691,can_cause
N1954,N1691,can_cause
N1331,N1691,is_a_risk_factor_of
N1198,N1691,is_a_risk_factor_of
N700,N1786,caused_by
N96,N1786,caused_by
N436,N1786,caused_by
N576,N1786,caused_by
N43,N1786,caused_by
N639,N1786,can_cause
N2102,N1786,can_cause
N2173,N1786,can_cause
N639,N1786,is_a_risk_factor_of
N2174,N1786,is_a_risk_factor_of
N1960,N1185,caused_by
N299,N1185,caused_by
N2175,N1185,can_cause
N2072,N1607,caused_by
N2073,N1607,caused_by
N2074,N1607,can_cause
N1504,N1471,caused_by
N1169,N1471,can_cause
N881,N1471,can_cause
N2176,N1471,can_cause
N881,N1471,is_a_risk_factor_of
N760,N1471,is_a_risk_factor_of
N722,N1471,is_a_risk_factor_of
N878,N1471,is_a_risk_factor_of
N1656,N1787,caused_by
N2,N1787,caused_by
N2177,N1787,caused_by
N2178,N1787,caused_by
N1469,N1787,can_cause
N887,N1787,can_cause
N240,N1787,can_cause
N1557,N1787,is_a_risk_factor_of
N1162,N1787,is_a_risk_factor_of
N129,N1637,caused_by
N868,N1637,caused_by
N916,N1637,caused_by
N1085,N1637,can_cause
N777,N1637,can_cause
N1331,N1637,is_a_risk_factor_of
N760,N1637,is_a_risk_factor_of
N642,N1637,is_a_risk_factor_of
N2016,N1244,caused_by
N1707,N1244,caused_by
N17,N1244,caused_by
N777,N1244,can_cause
N565,N1244,is_a_risk_factor_of
N2179,N1244,is_a_risk_factor_of
N117,N858,caused_by
N2180,N858,caused_by
N34,N858,caused_by
N887,N858,can_cause
N2181,N858,can_cause
N1557,N858,is_a_risk_factor_of
N2182,N858,is_a_risk_factor_of
N700,N1700,caused_by
N487,N1700,caused_by
N1649,N1700,can_cause
N2183,N1700,can_cause
N1331,N1700,is_a_risk_factor_of
N2184,N1700,is_a_risk_factor_of
N1339,N1788,caused_by
N2185,N1788,caused_by
N324,N1788,can_cause
N628,N1788,can_cause
N628,N1788,is_a_risk_factor_of
N2186,N1788,is_a_risk_factor_of
N304,N1789,caused_by
N1948,N1789,caused_by
N2187,N1789,caused_by
N1950,N1789,can_cause
N2188,N1789,can_cause
N760,N1789,is_a_risk_factor_of
N1952,N1789,is_a_risk_factor_of
N1707,N1789,caused_by
N2189,N1789,is_a_risk_factor_of
N1960,N1788,caused_by
N921,N1349,caused_by
N413,N1349,caused_by
N1056,N1349,caused_by
N2190,N1349,caused_by
N2191,N1349,can_cause
N1057,N1349,is_a_risk_factor_of
N1962,N1790,caused_by
N90,N1790,caused_by
N1960,N1790,caused_by
N577,N1790,caused_by
N770,N1790,caused_by
N2102,N1790,can_cause
N2192,N1790,can_cause
N478,N1790,is_a_risk_factor_of
N1932,N1790,is_a_risk_factor_of
N96,N1791,caused_by
N293,N1791,caused_by
N2071,N1791,caused_by
N1091,N1791,caused_by
N1726,N1791,can_cause
N760,N1791,can_cause
N2193,N1791,can_cause
N760,N1791,is_a_risk_factor_of
N238,N1791,is_a_risk_factor_of
N438,N1791,is_a_risk_factor_of
N2194,N895,can_cause
N2195,N895,is_a_risk_factor_of
N695,N1792,caused_by
N304,N1792,caused_by
N2196,N1792,caused_by
N1034,N1792,can_cause
N903,N1792,can_cause
N2197,N1792,can_cause
N1034,N1792,is_a_risk_factor_of
N1952,N1792,is_a_risk_factor_of
N125,N1651,caused_by
N1646,N1651,caused_by
N1469,N1651,can_cause
N887,N1651,can_cause
N1557,N1651,is_a_risk_factor_of
N1162,N1651,is_a_risk_factor_of
N594,N1185,caused_by
N2198,N1185,can_cause
N81,N512,caused_by
N2199,N512,can_cause
N2163,N512,is_a_risk_factor_of
N1656,N1793,caused_by
N2200,N1793,caused_by
N2201,N1793,can_cause
N878,N1793,is_a_risk_factor_of
N2202,N1793,is_a_risk_factor_of
N1707,N1793,caused_by
N1948,N1793,caused_by
N2203,N1793,can_cause
N1424,N1794,caused_by
N2204,N1794,caused_by
N2157,N1794,can_cause
N1469,N1794,can_cause
N2205,N1794,is_a_risk_factor_of
N1933,N656,caused_by
N2206,N1751,caused_by
N2207,N1751,caused_by
N1605,N1751,can_cause
N2208,N1751,is_a_risk_factor_of
N40,N1740,caused_by
N1097,N1740,caused_by
N1962,N540,caused_by
N488,N540,caused_by
N759,N540,can_cause
N2209,N540,can_cause
N563,N540,is_a_risk_factor_of
N2210,N540,is_a_risk_factor_of
N478,N1734,can_cause
N434,N1795,caused_by
N1187,N1795,caused_by
N708,N1795,caused_by
N2211,N1795,caused_by
N1210,N1795,can_cause
N1839,N1795,can_cause
N478,N1795,is_a_risk_factor_of
N2070,N1795,is_a_risk_factor_of
N38,N1796,caused_by
N42,N1796,caused_by
N96,N1796,caused_by
N1129,N1796,can_cause
N2212,N1796,can_cause
N686,N1796,is_a_risk_factor_of
N2213,N1796,is_a_risk_factor_of
N1372,N1797,caused_by
N1054,N1797,caused_by
N38,N1797,caused_by
N532,N1797,can_cause
N2214,N1797,can_cause
N2215,N1797,is_a_risk_factor_of
N479,N1798,caused_by
N1528,N1798,caused_by
N491,N1798,caused_by
N1167,N1798,can_cause
N1699,N1798,can_cause
N2216,N1798,can_cause
N1125,N1798,is_a_risk_factor_of
N2217,N1798,is_a_risk_factor_of
N95,N751,caused_by
N270,N751,caused_by
N577,N751,caused_by
N1002,N1799,caused_by
N2087,N1799,caused_by
N2218,N1799,caused_by
N1764,N1799,can_cause
N1034,N1799,can_cause
N1034,N1799,is_a_risk_factor_of
N2219,N1799,is_a_risk_factor_of
N1114,N1336,caused_by
N2185,N1336,caused_by
N2220,N1336,can_cause
N324,N1336,is_a_risk_factor_of
N9,N1800,caused_by
N931,N1800,caused_by
N2221,N1800,can_cause
N642,N1800,can_cause
N642,N1800,is_a_risk_factor_of
N1331,N1800,is_a_risk_factor_of
N1759,N814,can_cause
N491,N1801,caused_by
N880,N1801,caused_by
N2222,N1801,caused_by
N1365,N1801,can_cause
N2223,N1801,can_cause
N563,N1801,is_a_risk_factor_of
N2224,N1801,is_a_risk_factor_of
N2225,N920,caused_by
N1224,N920,caused_by
N1469,N920,can_cause
N1200,N920,can_cause
N282,N920,is_a_risk_factor_of
N2226,N920,is_a_risk_factor_of
N161,N882,caused_by
N152,N882,caused_by
N162,N882,caused_by
N887,N882,can_cause
N1469,N882,can_cause
N1557,N882,is_a_risk_factor_of
N135,N882,is_a_risk_factor_of
N1209,N1607,caused_by
N44,N1607,caused_by
N967,N1607,caused_by
N987,N1802,caused_by
N1948,N1802,caused_by
N304,N1802,caused_by
N38,N1802,caused_by
N1595,N1802,can_cause
N2227,N1802,can_cause
N565,N1802,is_a_risk_factor_of
N2006,N1802,is_a_risk_factor_of
N462,N1803,caused_by
N293,N1803,caused_by
N2071,N1803,caused_by
N2,N1803,caused_by
N1091,N1803,caused_by
N817,N1803,can_cause
N1698,N1803,can_cause
N1726,N1803,can_cause
N817,N1803,is_a_risk_factor_of
N1495,N1803,is_a_risk_factor_of
N1359,N489,caused_by
N2228,N489,caused_by
N2229,N489,can_cause
N9,N1804,caused_by
N1707,N1804,caused_by
N95,N1804,caused_by
N100,N1804,caused_by
N577,N1804,caused_by
N1244,N1804,can_cause
N2230,N1804,can_cause
N1244,N1804,is_a_risk_factor_of
N2231,N1804,is_a_risk_factor_of
N805,N1227,caused_by
N2232,N1227,caused_by
N532,N1227,can_cause
N2233,N1227,can_cause
N760,N1227,is_a_risk_factor_of
N289,N1227,is_a_risk_factor_of
N7,N1805,caused_by
N1372,N1805,caused_by
N2,N1805,caused_by
N598,N1805,caused_by
N1469,N1805,can_cause
N2234,N1805,can_cause
N2235,N1805,is_a_risk_factor_of
N2222,N1744,caused_by
N2150,N1744,can_cause
N1971,N1744,is_a_risk_factor_of
N851,N1743,caused_by
N1965,N1743,can_cause
N784,N1743,is_a_risk_factor_of
N304,N915,caused_by
N1707,N915,caused_by
N2236,N915,can_cause
N1255,N915,is_a_risk_factor_of
N2237,N915,is_a_risk_factor_of
N130,N1459,caused_by
N2004,N1459,caused_by
N1595,N1459,can_cause
N1858,N1459,can_cause
N686,N1459,is_a_risk_factor_of
N565,N1459,is_a_risk_factor_of
N2,N1806,caused_by
N96,N1806,caused_by
N528,N1806,caused_by
N587,N1806,caused_by
N479,N1806,caused_by
N1365,N1806,can_cause
N74,N1806,can_cause
N563,N1806,is_a_risk_factor_of
N69,N75,caused_by
N140,N75,can_cause
N217,N75,can_cause
N1289,N75,is_a_risk_factor_of
N2238,N75,is_a_risk_factor_of
N2143,N75,is_a_risk_factor_of
N798,N1807,caused_by
N44,N1807,caused_by
N285,N1807,caused_by
N916,N1807,caused_by
N2007,N1807,can_cause
N1698,N1807,can_cause
N817,N1807,is_a_risk_factor_of
N818,N1807,is_a_risk_factor_of
N1202,N909,caused_by
N38,N909,caused_by
N2239,N909,can_cause
N878,N909,is_a_risk_factor_of
N1958,N591,caused_by
N2240,N591,caused_by
N130,N591,caused_by
N642,N591,can_cause
N1429,N591,can_cause
N2086,N591,can_cause
N642,N591,is_a_risk_factor_of
N1331,N591,is_a_risk_factor_of
N2241,N1017,caused_by
N881,N1017,can_cause
N777,N1017,can_cause
N686,N1017,is_a_risk_factor_of
N881,N1017,is_a_risk_factor_of
N2122,N1017,is_a_risk_factor_of
N96,N1061,caused_by
N293,N1061,caused_by
N285,N1061,caused_by
N2071,N1061,caused_by
N1200,N1061,can_cause
N1074,N1061,can_cause
N473,N1061,can_cause
N1557,N1061,is_a_risk_factor_of
N2242,N1061,is_a_risk_factor_of
N40,N1808,caused_by
N781,N1808,caused_by
N1339,N1808,caused_by
N2243,N1808,caused_by
N2013,N1808,can_cause
N777,N1808,can_cause
N628,N1808,is_a_risk_factor_of
N2244,N1808,is_a_risk_factor_of
N1228,N1809,caused_by
N790,N1809,caused_by
N2,N1809,caused_by
N2245,N1809,caused_by
N1469,N1809,can_cause
N1228,N1809,can_cause
N2246,N1809,is_a_risk_factor_of
N2,N1810,caused_by
N561,N1810,caused_by
N517,N1810,caused_by
N226,N1810,caused_by
N96,N1810,caused_by
N1469,N1810,can_cause
N2247,N1810,can_cause
N650,N1810,is_a_risk_factor_of
N1979,N1810,is_a_risk_factor_of
N2248,N1810,is_a_risk_factor_of
N34,N941,caused_by
N285,N941,caused_by
N118,N941,caused_by
N2249,N941,can_cause
N2136,N941,is_a_risk_factor_of
N2250,N1452,can_cause
N1460,N1452,is_a_risk_factor_of
N2202,N1452,is_a_risk_factor_of
N271,N1106,caused_by
N2251,N1106,caused_by
N700,N1106,caused_by
N1947,N1106,can_cause
N478,N1106,can_cause
N1331,N1106,is_a_risk_factor_of
N642,N1106,is_a_risk_factor_of
N438,N1106,is_a_risk_factor_of
N238,N1106,is_a_risk_factor_of
N130,N1811,caused_by
N2,N1811,caused_by
N921,N1811,caused_by
N1056,N1811,caused_by
N1469,N1811,can_cause
N2120,N1811,can_cause
N1979,N1811,is_a_risk_factor_of
N282,N1811,is_a_risk_factor_of
N238,N1811,is_a_risk_factor_of
N2206,N1812,caused_by
N127,N1812,caused_by
N2252,N1812,caused_by
N2253,N1812,can_cause
N565,N1812,is_a_risk_factor_of
N2254,N1812,is_a_risk_factor_of
N285,N796,caused_by
N812,N796,caused_by
N2160,N796,can_cause
N1714,N796,can_cause
N1698,N796,can_cause
N849,N796,is_a_risk_factor_of
N1714,N796,is_a_risk_factor_of
N817,N796,is_a_risk_factor_of
N2255,N1813,caused_by
N2,N1813,caused_by
N304,N1813,caused_by
N2048,N1813,can_cause
N2256,N1813,can_cause
N635,N1813,is_a_risk_factor_of
N1970,N1813,is_a_risk_factor_of
N2257,N1814,caused_by
N2083,N1814,caused_by
N1302,N1814,caused_by
N1046,N1814,caused_by
N1339,N1814,caused_by
N2084,N1814,can_cause
N777,N1814,can_cause
N2085,N1814,is_a_risk_factor_of
N2258,N1814,is_a_risk_factor_of
N41,N283,caused_by
N1704,N283,caused_by
N38,N283,caused_by
N217,N283,can_cause
N2259,N283,can_cause
N419,N283,is_a_risk_factor_of
N2260,N283,is_a_risk_factor_of
N990,N1119,caused_by
N1638,N1119,can_cause
N1331,N1119,is_a_risk_factor_of
N2261,N1815,caused_by
N2262,N1815,caused_by
N1469,N1815,can_cause
N2263,N1815,can_cause
N2264,N1815,is_a_risk_factor_of
N304,N1816,caused_by
N1014,N1816,caused_by
N903,N1816,caused_by
N2048,N1816,can_cause
N2047,N1816,can_cause
N903,N1816,can_cause
N635,N1816,is_a_risk_factor_of
N686,N1816,is_a_risk_factor_of
N304,N1817,caused_by
N848,N1817,caused_by
N2,N1817,caused_by
N1948,N1817,caused_by
N1469,N1817,can_cause
N2028,N1817,can_cause
N1952,N1817,is_a_risk_factor_of
N282,N1817,is_a_risk_factor_of
N790,N1818,caused_by
N2,N1818,caused_by
N2265,N1818,caused_by
N1469,N1818,can_cause
N581,N1818,can_cause
N2266,N1818,can_cause
N2267,N1818,is_a_risk_factor_of
N2268,N1185,can_cause
N126,N1819,caused_by
N2269,N1819,caused_by
N2047,N1819,can_cause
N2086,N1819,can_cause
N1331,N1819,is_a_risk_factor_of
N642,N1819,is_a_risk_factor_of
N686,N1819,is_a_risk_factor_of
N720,N1820,caused_by
N724,N1820,caused_by
N1237,N1820,caused_by
N2270,N1820,caused_by
N1200,N1820,can_cause
N2271,N1820,can_cause
N238,N1820,is_a_risk_factor_of
N2076,N1820,is_a_risk_factor_of
N925,N1751,caused_by
N2272,N1751,caused_by
N770,N1821,caused_by
N692,N1821,caused_by
N987,N1821,caused_by
N462,N1821,caused_by
N1076,N1821,can_cause
N2273,N1821,can_cause
N2061,N1821,is_a_risk_factor_of
N987,N1821,is_a_risk_factor_of
N270,N1797,caused_by
N2274,N1797,can_cause
N595,N1364,caused_by
N1482,N1822,caused_by
N491,N1822,caused_by
N2275,N1822,caused_by
N1469,N1822,can_cause
N2276,N1822,can_cause
N760,N1822,is_a_risk_factor_of
N1331,N1822,is_a_risk_factor_of
N129,N1647,caused_by
N1633,N1647,caused_by
N125,N1647,caused_by
N1638,N1647,can_cause
N2277,N1647,can_cause
N1331,N1647,is_a_risk_factor_of
N686,N1647,is_a_risk_factor_of
N2278,N1743,caused_by
N1448,N1743,caused_by
N2120,N1743,can_cause
N238,N1743,is_a_risk_factor_of
N846,N591,caused_by
N1962,N591,caused_by
N2047,N591,can_cause
N686,N591,is_a_risk_factor_of
N602,N1823,caused_by
N270,N1823,caused_by
N1118,N1823,caused_by
N2232,N1823,caused_by
N2279,N1823,can_cause
N760,N1823,is_a_risk_factor_of
N686,N1823,is_a_risk_factor_of
N348,N371,caused_by
N97,N371,caused_by
N1325,N371,can_cause
N2280,N371,can_cause
N1118,N1691,caused_by
N1638,N1691,can_cause
N1088,N512,caused_by
N1059,N1404,caused_by
N1200,N1404,can_cause
N1469,N1404,can_cause
N1198,N1404,is_a_risk_factor_of
N304,N839,caused_by
N285,N839,caused_by
N1707,N839,caused_by
N2281,N512,is_a_risk_factor_of
N577,N1824,caused_by
N594,N1824,caused_by
N97,N1824,caused_by
N394,N1824,can_cause
N2282,N1824,can_cause
N686,N1824,is_a_risk_factor_of
N2155,N1824,is_a_risk_factor_of
N1372,N0,caused_by
N2226,N0,is_a_risk_factor_of
N7,N1825,caused_by
N1372,N1825,caused_by
N598,N1825,caused_by
N1702,N1825,caused_by
N1469,N1825,can_cause
N2283,N1825,can_cause
N282,N1825,is_a_risk_factor_of
N2284,N1825,is_a_risk_factor_of
N77,N136,caused_by
N69,N136,caused_by
N140,N136,can_cause
N760,N136,can_cause
N217,N136,can_cause
N760,N136,is_a_risk_factor_of
N686,N136,is_a_risk_factor_of
N2222,N1781,caused_by
N462,N1826,caused_by
N96,N1826,caused_by
N2071,N1826,caused_by
N293,N1826,caused_by
N1365,N1826,can_cause
N74,N1826,can_cause
N1289,N1826,is_a_risk_factor_of
N563,N1826,is_a_risk_factor_of
N2285,N1568,caused_by
N2286,N1568,caused_by
N1528,N1568,caused_by
N1365,N1568,can_cause
N777,N1568,can_cause
N2287,N1568,is_a_risk_factor_of
N126,N1445,caused_by
N2288,N1445,caused_by
N2116,N1445,can_cause
N2289,N1445,can_cause
N686,N1445,is_a_risk_factor_of
N2241,N1827,caused_by
N691,N1827,caused_by
N441,N1827,caused_by
N881,N1827,can_cause
N777,N1827,can_cause
N686,N1827,is_a_risk_factor_of
N2122,N1827,is_a_risk_factor_of
N226,N864,caused_by
N1928,N864,can_cause
N875,N864,can_cause
N1928,N864,is_a_risk_factor_of
N2023,N864,is_a_risk_factor_of
N1320,N1828,caused_by
N1140,N1828,caused_by
N1114,N1828,caused_by
N2290,N1828,caused_by
N628,N1828,can_cause
N2291,N1828,can_cause
N628,N1828,is_a_risk_factor_of
N2292,N1828,is_a_risk_factor_of
N2293,N1185,can_cause
N1056,N1829,caused_by
N1442,N1829,caused_by
N126,N1829,caused_by
N413,N1829,caused_by
N967,N1829,caused_by
N2116,N1829,can_cause
N2294,N1829,can_cause
N2295,N1829,is_a_risk_factor_of
N462,N1830,caused_by
N96,N1830,caused_by
N293,N1830,caused_by
N2071,N1830,caused_by
N285,N1830,caused_by
N1074,N1830,can_cause
N1978,N1830,can_cause
N1557,N1830,is_a_risk_factor_of
N1979,N1830,is_a_risk_factor_of
N2296,N1830,is_a_risk_factor_of
N1601,N1651,caused_by
N1162,N1651,can_cause
N1487,N1651,is_a_risk_factor_of
N2297,N1394,caused_by
N2298,N1394,caused_by
N2299,N1394,caused_by
N2116,N1394,can_cause
N1430,N1394,can_cause
N686,N1394,is_a_risk_factor_of
N868,N1831,caused_by
N129,N1831,caused_by
N692,N1831,caused_by
N2,N1831,caused_by
N2048,N1831,can_cause
N2300,N1831,can_cause
N635,N1831,is_a_risk_factor_of
N1970,N1831,is_a_risk_factor_of
N1198,N489,is_a_risk_factor_of
N661,N1832,caused_by
N1528,N1832,caused_by
N9,N1832,caused_by
N96,N1832,caused_by
N518,N1832,can_cause
N2301,N1832,can_cause
N686,N1832,is_a_risk_factor_of
N379,N1296,caused_by
N685,N1296,can_cause
N2302,N1296,can_cause
N686,N1296,is_a_risk_factor_of
N686,N1440,is_a_risk_factor_of
N2208,N1747,is_a_risk_factor_of
N752,N1708,can_cause
N642,N775,caused_by
N2303,N775,caused_by
N2047,N775,can_cause
N2304,N775,can_cause
N642,N775,is_a_risk_factor_of
N1331,N775,is_a_risk_factor_of
N686,N775,is_a_risk_factor_of
N1118,N1833,caused_by
N2098,N1833,caused_by
N2097,N1833,caused_by
N1962,N1833,caused_by
N479,N1833,caused_by
N1988,N1833,can_cause
N2305,N1833,can_cause
N1125,N1833,is_a_risk_factor_of
N976,N1833,is_a_risk_factor_of
N2306,N1833,is_a_risk_factor_of
N514,N1834,caused_by
N1372,N1834,caused_by
N2307,N1834,caused_by
N791,N1834,can_cause
N282,N1834,can_cause
N282,N1834,is_a_risk_factor_of
N975,N1834,is_a_risk_factor_of
N1161,N1834,is_a_risk_factor_of
N2308,N567,caused_by
N2309,N567,caused_by
N562,N567,caused_by
N777,N567,can_cause
N2310,N567,is_a_risk_factor_of
N878,N567,is_a_risk_factor_of
N2,N1835,caused_by
N226,N1835,caused_by
N528,N1835,caused_by
N96,N1835,caused_by
N808,N1835,can_cause
N2311,N1835,can_cause
N282,N1835,is_a_risk_factor_of
N2312,N1835,is_a_risk_factor_of
N304,N509,caused_by
N1292,N35,caused_by
N2257,N1336,caused_by
N577,N1336,caused_by
N1960,N1336,caused_by
N1118,N1836,caused_by
N1962,N1836,caused_by
N576,N1836,caused_by
N1960,N1836,caused_by
N2315,N1836,can_cause
N2316,N1836,can_cause
N565,N1836,is_a_risk_factor_of
N572,N1836,is_a_risk_factor_of
N270,N1837,caused_by
N130,N1837,caused_by
N2047,N1837,can_cause
N2086,N1837,can_cause
N1429,N1837,can_cause
N642,N1837,is_a_risk_factor_of
N1331,N1837,is_a_risk_factor_of
N967,N1719,caused_by
N1646,N1719,caused_by
N1653,N1719,caused_by
N692,N1719,caused_by
N1670,N1719,can_cause
N1928,N1719,can_cause
N1670,N1719,is_a_risk_factor_of
N686,N1719,is_a_risk_factor_of
N1595,N1349,can_cause
N565,N1349,is_a_risk_factor_of
N1958,N843,caused_by
N1962,N843,caused_by
N130,N843,caused_by
N2047,N843,can_cause
N2086,N843,can_cause
N642,N843,can_cause
N1331,N843,is_a_risk_factor_of
N642,N843,is_a_risk_factor_of
N686,N843,is_a_risk_factor_of
N878,N843,is_a_risk_factor_of
N479,N509,caused_by
N1528,N509,caused_by
N2318,N509,caused_by
N686,N509,is_a_risk_factor_of
N1994,N1816,caused_by
N38,N1816,caused_by
N800,N1816,caused_by
N1331,N1816,is_a_risk_factor_of
N1962,N1185,caused_by
N2117,N1185,caused_by
N995,N1019,caused_by
N855,N1019,is_a_risk_factor_of
N2222,N1607,caused_by
N880,N1757,caused_by
N2,N1757,caused_by
N2319,N1757,can_cause
N1946,N1757,is_a_risk_factor_of
N282,N1757,is_a_risk_factor_of
N2298,N1399,caused_by
N921,N1399,caused_by
N100,N1399,caused_by
N2116,N1399,can_cause
N2289,N1399,can_cause
N686,N1399,is_a_risk_factor_of
N192,N79,caused_by
N125,N1643,caused_by
N129,N1643,caused_by
N240,N1643,can_cause
N1469,N1643,can_cause
N1289,N1643,is_a_risk_factor_of
N1605,N1643,is_a_risk_factor_of
N2047,N1753,is_a_risk_factor_of
N2,N1838,caused_by
N587,N1838,caused_by
N96,N1838,caused_by
N528,N1838,caused_by
N2320,N1838,caused_by
N1469,N1838,can_cause
N2321,N1838,can_cause
N2312,N1838,is_a_risk_factor_of
N2322,N1838,is_a_risk_factor_of
N434,N1839,caused_by
N2211,N1839,caused_by
N708,N1839,caused_by
N478,N1839,can_cause
N1211,N1839,can_cause
N478,N1839,is_a_risk_factor_of
N2070,N1839,is_a_risk_factor_of
N1704,N1607,caused_by
N2323,N1607,caused_by
N515,N1607,can_cause
N2324,N1778,caused_by
N2325,N1778,can_cause
N1557,N1778,is_a_risk_factor_of
N1374,N1840,caused_by
N346,N1840,caused_by
N1525,N1840,caused_by
N348,N1840,caused_by
N1325,N1840,can_cause
N2326,N1840,can_cause
N878,N1840,is_a_risk_factor_of
N2327,N1840,is_a_risk_factor_of
N2328,N1841,caused_by
N1424,N1841,caused_by
N2329,N1841,caused_by
N2330,N1841,can_cause
N2331,N1841,is_a_risk_factor_of
N436,N1842,caused_by
N1933,N1842,caused_by
N84,N1842,caused_by
N777,N1842,can_cause
N1167,N1842,can_cause
N2332,N1842,can_cause
N1211,N1842,is_a_risk_factor_of
N2333,N1842,is_a_risk_factor_of
N2334,N1843,caused_by
N777,N1843,can_cause
N2335,N1843,can_cause
N2336,N1843,is_a_risk_factor_of
N2289,N1349,can_cause
N686,N1349,is_a_risk_factor_of
N2337,N1068,caused_by
N777,N1068,can_cause
N2338,N1068,can_cause
N2339,N1819,caused_by
N925,N1844,caused_by
N9,N1844,caused_by
N724,N1844,caused_by
N357,N1844,can_cause
N2340,N1844,can_cause
N642,N1844,is_a_risk_factor_of
N1429,N1844,is_a_risk_factor_of
N750,N745,caused_by
N9,N745,caused_by
N357,N745,can_cause
N2341,N745,can_cause
N357,N745,is_a_risk_factor_of
N1972,N745,is_a_risk_factor_of
N1372,N1845,caused_by
N270,N1845,caused_by
N1054,N1845,caused_by
N2342,N1845,can_cause
N686,N1845,is_a_risk_factor_of
N2177,N1846,caused_by
N2178,N1846,caused_by
N285,N1846,caused_by
N2343,N1846,can_cause
N784,N1846,is_a_risk_factor_of
N2344,N1846,is_a_risk_factor_of
N1962,N1593,caused_by
N436,N1593,caused_by
N491,N1751,caused_by
N1174,N1185,caused_by
N2345,N1244,can_cause
N686,N1244,is_a_risk_factor_of
N2,N1847,caused_by
N578,N1847,caused_by
N1118,N1847,caused_by
N1345,N1847,caused_by
N1469,N1847,can_cause
N1954,N1847,can_cause
N282,N1847,is_a_risk_factor_of
N2,N1651,caused_by
N2346,N1848,caused_by
N598,N1848,caused_by
N1372,N1848,caused_by
N2347,N1848,caused_by
N518,N1848,can_cause
N777,N1848,can_cause
N2179,N1848,is_a_risk_factor_of
N1289,N1848,is_a_risk_factor_of
N2008,N1081,caused_by
N293,N1081,caused_by
N1528,N1081,caused_by
N1076,N1081,can_cause
N2348,N1081,can_cause
N988,N1081,is_a_risk_factor_of
N2349,N1081,is_a_risk_factor_of
N695,N1027,caused_by
N968,N1027,caused_by
N304,N1027,caused_by
N1014,N1027,caused_by
N1469,N1027,can_cause
N974,N1027,can_cause
N1985,N1027,is_a_risk_factor_of
N1646,N1849,caused_by
N2350,N1849,caused_by
N1649,N1849,can_cause
N2351,N1849,can_cause
N238,N1849,is_a_risk_factor_of
N2352,N1849,is_a_risk_factor_of
N1933,N177,caused_by
N661,N177,caused_by
N1365,N177,can_cause
N331,N177,can_cause
N1289,N177,is_a_risk_factor_of
N563,N177,is_a_risk_factor_of
N1983,N177,is_a_risk_factor_of
N84,N1844,caused_by
N1174,N1844,caused_by
N2278,N1850,caused_by
N1448,N1850,caused_by
N1424,N1850,caused_by
N1161,N1850,can_cause
N817,N1850,can_cause
N2353,N1850,can_cause
N2210,N1850,is_a_risk_factor_of
N817,N1850,is_a_risk_factor_of
N9,N1851,caused_by
N95,N1851,caused_by
N17,N1851,caused_by
N1201,N1851,caused_by
N2354,N1851,can_cause
N760,N1851,is_a_risk_factor_of
N1289,N1851,is_a_risk_factor_of
N2038,N1851,is_a_risk_factor_of
N1059,N0,caused_by
N1198,N0,is_a_risk_factor_of
N2355,N1417,caused_by
N2356,N1417,caused_by
N1419,N1417,can_cause
N2357,N1417,can_cause
N1419,N1417,is_a_risk_factor_of
N479,N1852,caused_by
N1528,N1852,caused_by
N491,N1852,caused_by
N2358,N1852,caused_by
N1988,N1852,can_cause
N2305,N1852,can_cause
N976,N1852,can_cause
N1125,N1852,is_a_risk_factor_of
N976,N1852,is_a_risk_factor_of
N285,N879,caused_by
N1707,N879,caused_by
N2134,N879,caused_by
N1776,N879,can_cause
N2359,N879,can_cause
N2136,N879,is_a_risk_factor_of
N1776,N879,is_a_risk_factor_of
N480,N1577,caused_by
N2360,N1577,caused_by
N1301,N1577,can_cause
N557,N1577,can_cause
N628,N1577,is_a_risk_factor_of
N2261,N1853,caused_by
N1196,N1853,caused_by
N2,N1853,caused_by
N261,N1853,caused_by
N1469,N1853,can_cause
N1200,N1853,can_cause
N1954,N1853,can_cause
N1198,N1853,is_a_risk_factor_of
N1255,N1853,is_a_risk_factor_of
N595,N1119,caused_by
N1702,N1119,caused_by
N143,N124,caused_by
N69,N124,caused_by
N1557,N124,can_cause
N2361,N124,can_cause
N1557,N124,is_a_risk_factor_of
N135,N124,is_a_risk_factor_of
N1331,N124,is_a_risk_factor_of
N1601,N882,caused_by
N720,N1551,caused_by
N270,N1708,caused_by
N1933,N1708,caused_by
N1994,N829,caused_by
N2362,N963,caused_by
N304,N963,caused_by
N2363,N963,caused_by
N2364,N963,caused_by
N2365,N963,caused_by
N628,N963,can_cause
N628,N963,is_a_risk_factor_of
N1320,N963,is_a_risk_factor_of
N1118,N509,caused_by
N2,N1090,caused_by
N1088,N1090,caused_by
N2052,N1090,can_cause
N1200,N1090,can_cause
N927,N1090,is_a_risk_factor_of
N2226,N1090,is_a_risk_factor_of
N2206,N1775,caused_by
N2366,N1775,can_cause
N2367,N1775,is_a_risk_factor_of
N129,N1746,caused_by
N43,N1746,caused_by
N563,N1746,is_a_risk_factor_of
N805,N596,caused_by
N2152,N596,caused_by
N1372,N596,caused_by
N532,N596,can_cause
N2368,N596,can_cause
N760,N596,is_a_risk_factor_of
N2215,N596,is_a_risk_factor_of
N2047,N1349,can_cause
N2369,N1349,can_cause
N2047,N1349,is_a_risk_factor_of
N642,N1349,is_a_risk_factor_of
N130,N1355,caused_by
N630,N1355,caused_by
N2298,N1355,caused_by
N2116,N1355,can_cause
N1430,N1355,can_cause
N686,N1355,is_a_risk_factor_of
N1365,N1087,can_cause
N2370,N1087,can_cause
N563,N1087,is_a_risk_factor_of
N1052,N1404,caused_by
N257,N1404,can_cause
N257,N1404,is_a_risk_factor_of
N1544,N1404,is_a_risk_factor_of
N2371,N1385,caused_by
N921,N1385,caused_by
N630,N1385,caused_by
N1365,N1385,can_cause
N2372,N1385,can_cause
N554,N1385,is_a_risk_factor_of
N987,N1803,caused_by
N577,N1803,caused_by
N2131,N1803,caused_by
N595,N1661,caused_by
N1962,N1661,caused_by
N1960,N1661,caused_by
N2373,N71,caused_by
N69,N71,caused_by
N217,N71,can_cause
N2374,N71,can_cause
N1289,N71,is_a_risk_factor_of
N861,N71,is_a_risk_factor_of
N2180,N116,caused_by
N69,N116,caused_by
N333,N116,caused_by
N1325,N116,can_cause
N297,N116,can_cause
N2375,N116,is_a_risk_factor_of
N130,N1773,caused_by
N96,N1738,caused_by
N81,N1738,caused_by
N466,N1738,caused_by
N2161,N1738,caused_by
N186,N1371,caused_by
N479,N1371,caused_by
N2376,N1371,caused_by
N1365,N1371,can_cause
N74,N1371,can_cause
N1289,N1371,is_a_risk_factor_of
N563,N1371,is_a_risk_factor_of
N1241,N1854,caused_by
N6,N1854,caused_by
N1359,N1854,caused_by
N2377,N1854,caused_by
N1200,N1854,can_cause
N1469,N1854,can_cause
N1988,N1854,can_cause
N2226,N1854,is_a_risk_factor_of
N1125,N1854,is_a_risk_factor_of
N1414,N1855,caused_by
N186,N1855,caused_by
N1432,N1855,caused_by
N2378,N1855,caused_by
N96,N1855,caused_by
N1365,N1855,can_cause
N566,N1855,can_cause
N686,N1855,is_a_risk_factor_of
N1289,N1855,is_a_risk_factor_of
N801,N811,caused_by
N2379,N811,caused_by
N880,N811,caused_by
N848,N811,caused_by
N2160,N811,can_cause
N1714,N811,can_cause
N2158,N811,can_cause
N1714,N811,is_a_risk_factor_of
N817,N811,is_a_risk_factor_of
N1331,N811,is_a_risk_factor_of
N1118,N1661,caused_by
N2380,N1661,can_cause
N2381,N1661,is_a_risk_factor_of
N990,N1856,caused_by
N1121,N1856,caused_by
N1544,N1856,caused_by
N822,N1856,caused_by
N1325,N1856,can_cause
N2382,N1856,can_cause
N2383,N1856,is_a_risk_factor_of
N1275,N1542,caused_by
N1494,N1542,caused_by
N1544,N1542,caused_by
N1649,N1542,can_cause
N2386,N1542,can_cause
N466,N1857,caused_by
N551,N1857,caused_by
N562,N1857,caused_by
N77,N1857,caused_by
N1923,N1857,caused_by
N777,N1857,can_cause
N2387,N1857,can_cause
N2310,N1857,is_a_risk_factor_of
N379,N1204,caused_by
N1060,N1204,caused_by
N642,N1204,can_cause
N438,N1204,is_a_risk_factor_of
N1331,N1204,is_a_risk_factor_of
N686,N1204,is_a_risk_factor_of
N2004,N1858,caused_by
N130,N1858,caused_by
N2389,N1858,caused_by
N1728,N1858,can_cause
N755,N1858,can_cause
N1161,N1858,can_cause
N686,N1858,is_a_risk_factor_of
N1289,N1858,is_a_risk_factor_of
N1461,N1858,is_a_risk_factor_of
N2210,N1858,is_a_risk_factor_of
N180,N588,caused_by
N2390,N588,caused_by
N2391,N588,caused_by
N777,N588,can_cause
N1429,N588,can_cause
N2392,N588,is_a_risk_factor_of
N487,N989,caused_by
N2054,N989,caused_by
N791,N989,can_cause
N2391,N1859,caused_by
N95,N1859,caused_by
N561,N1859,caused_by
N2393,N1859,caused_by
N777,N1859,can_cause
N2394,N1859,can_cause
N2392,N1859,is_a_risk_factor_of
N2395,N1290,caused_by
N379,N1290,caused_by
N1310,N1290,caused_by
N1204,N1290,can_cause
N2047,N1290,can_cause
N642,N1290,is_a_risk_factor_of
N238,N1290,is_a_risk_factor_of
N1331,N718,is_a_risk_factor_of
N1008,N963,caused_by
N16,N882,caused_by
N2396,N882,is_a_risk_factor_of
N1056,N1860,caused_by
N921,N1860,caused_by
N348,N1860,caused_by
N106,N1860,can_cause
N2397,N1860,can_cause
N119,N1860,is_a_risk_factor_of
N2398,N1860,is_a_risk_factor_of
N2399,N1349,can_cause
N990,N1493,caused_by
N578,N1493,caused_by
N1469,N1493,can_cause
N2104,N1493,can_cause
N282,N1493,can_cause
N2104,N1493,is_a_risk_factor_of
N282,N1493,is_a_risk_factor_of
N817,N1493,is_a_risk_factor_of
N868,N1743,caused_by
N1989,N1743,caused_by
N1928,N1743,is_a_risk_factor_of
N1729,N1722,caused_by
N2134,N1722,caused_by
N217,N1722,can_cause
N140,N1722,can_cause
N2193,N1722,can_cause
N760,N1722,is_a_risk_factor_of
N1289,N1722,is_a_risk_factor_of
N1504,N1861,caused_by
N1474,N1861,caused_by
N2285,N1861,caused_by
N1432,N1861,caused_by
N1365,N1861,can_cause
N777,N1861,can_cause
N2287,N1861,is_a_risk_factor_of
N1320,N1788,caused_by
N184,N1788,caused_by
N630,N1394,caused_by
N2289,N1394,can_cause
N510,N489,caused_by
N2400,N489,caused_by
N1482,N850,can_cause
N97,N1752,caused_by
N100,N1752,caused_by
N2401,N1792,caused_by
N2159,N1792,is_a_risk_factor_of
N2402,N1440,caused_by
N2029,N489,caused_by
N1946,N489,can_cause
N2232,N1845,caused_by
N2403,N1845,can_cause
N2079,N938,caused_by
N49,N938,caused_by
N1292,N938,caused_by
N62,N938,caused_by
N37,N938,caused_by
N684,N938,can_cause
N1077,N938,can_cause
N1289,N938,is_a_risk_factor_of
N1273,N938,is_a_risk_factor_of
N992,N1806,caused_by
N888,N1806,caused_by
N129,N1806,caused_by
N1524,N1551,caused_by
N2,N1551,caused_by
N282,N1551,can_cause
N1702,N1805,caused_by
N925,N1805,caused_by
N282,N1805,is_a_risk_factor_of
N92,N1742,caused_by
N2404,N1742,caused_by
N896,N1862,caused_by
N376,N1862,caused_by
N2241,N1862,caused_by
N1008,N1862,can_cause
N2405,N1862,can_cause
N686,N1862,is_a_risk_factor_of
N2189,N1862,is_a_risk_factor_of
N2328,N1794,caused_by
N664,N1234,caused_by
N1242,N1234,caused_by
N2406,N1234,caused_by
N686,N1234,is_a_risk_factor_of
N1289,N1234,is_a_risk_factor_of
N2130,N1751,is_a_risk_factor_of
N2408,N1863,caused_by
N2409,N1863,caused_by
N518,N1863,can_cause
N2410,N1863,can_cause
N565,N1863,is_a_risk_factor_of
N2411,N1863,is_a_risk_factor_of
N990,N839,caused_by
N1594,N839,caused_by
N1123,N839,caused_by
N1345,N839,caused_by
N2412,N839,can_cause
N594,N839,is_a_risk_factor_of
N1646,N1670,caused_by
N2164,N1670,caused_by
N217,N1670,can_cause
N755,N1670,can_cause
N686,N1670,is_a_risk_factor_of
N690,N984,caused_by
N1962,N984,caused_by
N1076,N984,can_cause
N1866,N984,can_cause
N2061,N984,is_a_risk_factor_of
N817,N984,is_a_risk_factor_of
N1662,N1326,caused_by
N1345,N1326,caused_by
N2413,N1326,can_cause
N2414,N1326,is_a_risk_factor_of
N40,N1864,caused_by
N781,N1864,caused_by
N1115,N1864,caused_by
N1339,N1864,caused_by
N628,N1864,can_cause
N2415,N1864,can_cause
N628,N1864,is_a_risk_factor_of
N2292,N1864,is_a_risk_factor_of
N921,N1865,caused_by
N346,N1865,caused_by
N1525,N1865,caused_by
N1372,N1865,caused_by
N529,N1865,caused_by
N685,N1865,can_cause
N2416,N1865,can_cause
N686,N1865,is_a_risk_factor_of
N2417,N1865,is_a_risk_factor_of
N1211,N283,caused_by
N987,N1866,caused_by
N1088,N1866,caused_by
N460,N1866,caused_by
N1076,N1866,can_cause
N1755,N1866,can_cause
N2061,N1866,is_a_risk_factor_of
N817,N1866,is_a_risk_factor_of
N1676,N1694,caused_by
N1673,N1694,caused_by
N1403,N1694,can_cause
N2191,N1694,can_cause
N744,N1694,can_cause
N238,N1694,is_a_risk_factor_of
N2418,N1694,is_a_risk_factor_of
N2034,N489,can_cause
N1964,N489,is_a_risk_factor_of
N2208,N489,is_a_risk_factor_of
N1056,N1357,caused_by
N2419,N1357,caused_by
N563,N1357,is_a_risk_factor_of
N2141,N1622,caused_by
N238,N1622,can_cause
N2420,N1622,can_cause
N238,N1622,is_a_risk_factor_of
N270,N1867,caused_by
N1118,N1867,caused_by
N1933,N1867,caused_by
N96,N1867,caused_by
N561,N1867,caused_by
N1200,N1867,can_cause
N1365,N1867,can_cause
N2076,N1867,is_a_risk_factor_of
N1933,N1734,caused_by
N43,N1734,caused_by
N1932,N1734,is_a_risk_factor_of
N478,N1734,is_a_risk_factor_of
N2421,N1735,caused_by
N566,N1735,can_cause
N515,N1735,can_cause
N2155,N1735,is_a_risk_factor_of
N595,N1868,caused_by
N2054,N1868,caused_by
N1961,N1868,caused_by
N1702,N1868,caused_by
N1701,N1868,caused_by
N1735,N1868,can_cause
N2104,N1868,can_cause
N2422,N1868,can_cause
N1735,N1868,is_a_risk_factor_of
N2155,N1868,is_a_risk_factor_of
N270,N1756,caused_by
N1118,N1756,caused_by
N2,N1756,caused_by
N2054,N1756,caused_by
N1469,N1756,can_cause
N2423,N1756,can_cause
N594,N627,caused_by
N2424,N627,can_cause
N324,N627,is_a_risk_factor_of
N2425,N1464,caused_by
N1365,N1464,can_cause
N777,N1464,can_cause
N878,N1464,is_a_risk_factor_of
N2426,N1464,is_a_risk_factor_of
N2328,N1502,caused_by
N2427,N1502,caused_by
N755,N1502,can_cause
N1489,N1502,can_cause
N686,N1502,is_a_risk_factor_of
N760,N1502,is_a_risk_factor_of
N594,N1607,caused_by
N992,N1700,caused_by
N2428,N1700,can_cause
N1289,N1700,is_a_risk_factor_of
N1442,N1773,caused_by
N1979,N1773,is_a_risk_factor_of
N270,N1869,caused_by
N2,N1869,caused_by
N1118,N1869,caused_by
N1469,N1869,can_cause
N1879,N1869,can_cause
N2429,N1869,is_a_risk_factor_of
N1078,N1081,can_cause
N818,N1081,is_a_risk_factor_of
N1289,N1081,is_a_risk_factor_of
N1062,N1830,caused_by
N1961,N1185,caused_by
N1201,N1185,caused_by
N2430,N1185,can_cause
N484,N1539,caused_by
N1528,N1539,caused_by
N2431,N1539,caused_by
N1200,N1539,can_cause
N2432,N1539,can_cause
N2226,N1539,is_a_risk_factor_of
N2030,N1539,is_a_risk_factor_of
N1469,N1028,can_cause
N1200,N1028,can_cause
N240,N1028,can_cause
N430,N1028,is_a_risk_factor_of
N129,N1624,caused_by
N1633,N1624,caused_by
N2433,N1624,caused_by
N1365,N1624,can_cause
N2434,N1624,can_cause
N554,N1624,is_a_risk_factor_of
N2072,N1780,caused_by
N2178,N1780,caused_by
N130,N1743,caused_by
N923,N1824,caused_by
N95,N1824,caused_by
N299,N1824,caused_by
N642,N1824,can_cause
N2435,N1824,can_cause
N642,N1824,is_a_risk_factor_of
N2140,N1824,is_a_risk_factor_of
N2,N1870,caused_by
N96,N1870,caused_by
N510,N1870,caused_by
N2071,N1870,caused_by
N1200,N1870,can_cause
N2436,N1870,can_cause
N282,N1870,is_a_risk_factor_of
N995,N1000,caused_by
N2241,N1000,caused_by
N896,N1000,caused_by
N2437,N1000,can_cause
N1008,N1000,is_a_risk_factor_of
N855,N1000,is_a_risk_factor_of
N1054,N596,caused_by
N2438,N596,caused_by
N1988,N596,can_cause
N2439,N596,can_cause
N1125,N596,is_a_risk_factor_of
N976,N596,is_a_risk_factor_of
N1525,N1371,caused_by
N2,N1371,caused_by
N2440,N1371,caused_by
N1469,N1371,can_cause
N1200,N1371,can_cause
N282,N1371,is_a_risk_factor_of
N510,N1812,caused_by
N921,N1394,caused_by
N100,N1394,caused_by
N2191,N1394,can_cause
N2441,N1809,caused_by
N1565,N1527,caused_by
N491,N1527,caused_by
N1988,N1527,can_cause
N1125,N1527,is_a_risk_factor_of
N1424,N1607,caused_by
N1275,N1178,caused_by
N2,N1178,caused_by
N237,N1178,can_cause
N579,N1178,can_cause
N282,N1178,is_a_risk_factor_of
N2442,N1178,is_a_risk_factor_of
N40,N1814,caused_by
N186,N1871,caused_by
N54,N1871,caused_by
N1140,N1871,caused_by
N528,N1871,caused_by
N628,N1871,can_cause
N2443,N1871,can_cause
N1289,N1871,is_a_risk_factor_of
N628,N1871,is_a_risk_factor_of
N1970,N1751,is_a_risk_factor_of
N2444,N1189,caused_by
N936,N1189,caused_by
N2445,N1189,can_cause
N686,N1189,is_a_risk_factor_of
N2191,N1399,can_cause
N1482,N1818,caused_by
N777,N1087,can_cause
N2310,N1087,is_a_risk_factor_of
N2446,N1798,caused_by
N1200,N1798,can_cause
N791,N920,can_cause
N395,N399,caused_by
N777,N399,can_cause
N571,N399,can_cause
N878,N399,is_a_risk_factor_of
N2447,N1833,can_cause
N577,N1244,caused_by
N2011,N1808,caused_by
N660,N1771,caused_by
N683,N1185,caused_by
N466,N1185,caused_by
N2131,N1185,caused_by
N2448,N1185,can_cause
N2449,N1788,can_cause
N2228,N1778,caused_by
N1359,N1778,caused_by
N2450,N1778,is_a_risk_factor_of
N270,N1760,caused_by
N271,N1760,caused_by
N628,N1760,can_cause
N2451,N1760,can_cause
N1289,N1760,is_a_risk_factor_of
N686,N1760,is_a_risk_factor_of
N628,N1760,is_a_risk_factor_of
N967,N1758,caused_by
N1670,N1758,can_cause
N2004,N342,caused_by
N1506,N342,caused_by
N777,N342,can_cause
N2452,N342,can_cause
N2392,N342,is_a_risk_factor_of
N425,N1371,caused_by
N2453,N656,can_cause
N466,N1832,caused_by
N95,N1607,caused_by
N374,N1607,caused_by
N408,N1607,caused_by
N2454,N1607,can_cause
N921,N1440,caused_by
N1056,N1440,caused_by
N2191,N1440,can_cause
N1365,N1500,can_cause
N74,N1500,can_cause
N1289,N1500,is_a_risk_factor_of
N563,N1500,is_a_risk_factor_of
N2455,N1778,caused_by
N1946,N1778,is_a_risk_factor_of
N479,N1872,caused_by
N695,N1872,caused_by
N1062,N1872,caused_by
N2071,N1872,caused_by
N74,N1872,can_cause
N2456,N1872,can_cause
N2457,N1872,is_a_risk_factor_of
N514,N1873,caused_by
N2458,N1873,caused_by
N1200,N1873,can_cause
N2459,N1873,can_cause
N1557,N1873,is_a_risk_factor_of
N282,N1873,is_a_risk_factor_of
N2460,N1778,caused_by
N2461,N1778,can_cause
N760,N1778,is_a_risk_factor_of
N1930,N1760,caused_by
N2462,N1760,can_cause
N419,N1760,is_a_risk_factor_of
N2463,N1760,is_a_risk_factor_of
N304,N1819,caused_by
N117,N882,caused_by
N2464,N882,can_cause
N2465,N882,is_a_risk_factor_of
N1077,N1771,caused_by
N1339,N1771,caused_by
N1933,N654,caused_by
N1934,N654,caused_by
N2466,N654,caused_by
N701,N654,can_cause
N1211,N654,can_cause
N626,N654,is_a_risk_factor_of
N478,N654,is_a_risk_factor_of
N2467,N0,caused_by
N1469,N0,can_cause
N379,N1555,caused_by
N577,N1555,caused_by
N100,N1555,caused_by
N1060,N1555,caused_by
N2468,N1555,can_cause
N282,N1555,is_a_risk_factor_of
N96,N1874,caused_by
N43,N1874,caused_by
N769,N1874,caused_by
N38,N1874,caused_by
N2469,N1874,can_cause
N1649,N1874,can_cause
N2470,N1874,is_a_risk_factor_of
N299,N1800,caused_by
N2016,N1800,caused_by
N715,N1800,can_cause
N2471,N1800,is_a_risk_factor_of
N270,N1185,caused_by
N2472,N1185,can_cause
N285,N809,caused_by
N2160,N809,can_cause
N1714,N809,can_cause
N1714,N809,is_a_risk_factor_of
N817,N809,is_a_risk_factor_of
N1331,N809,is_a_risk_factor_of
N880,N809,caused_by
N848,N809,caused_by
N2158,N809,can_cause
N2243,N1814,caused_by
N99,N1824,caused_by
N2474,N1758,can_cause
N2029,N1773,caused_by
N96,N1803,caused_by
N292,N1717,caused_by
N692,N1717,caused_by
N2,N1717,caused_by
N43,N1717,caused_by
N2475,N1717,can_cause
N1479,N1717,can_cause
N2,N177,caused_by
N577,N177,caused_by
N1960,N177,caused_by
N917,N882,is_a_risk_factor_of
N2476,N882,is_a_risk_factor_of
N801,N610,caused_by
N2379,N610,caused_by
N800,N610,caused_by
N285,N610,caused_by
N690,N610,caused_by
N2160,N610,can_cause
N1714,N610,can_cause
N1714,N610,is_a_risk_factor_of
N817,N610,is_a_risk_factor_of
N1331,N610,is_a_risk_factor_of
N2477,N1399,caused_by
N1359,N1551,caused_by
N1241,N1551,caused_by
N2478,N929,can_cause
N406,N1607,caused_by
N2479,N1607,caused_by
N2480,N1853,caused_by
N2,N1873,caused_by
N479,N1873,caused_by
N9,N1806,caused_by
N2441,N1806,caused_by
N95,N1806,caused_by
N686,N1806,is_a_risk_factor_of
N1289,N1806,is_a_risk_factor_of
N1372,N956,caused_by
N695,N1033,caused_by
N2482,N1033,can_cause
N1952,N1033,is_a_risk_factor_of
N1114,N1185,caused_by
N34,N116,caused_by
N1167,N1607,can_cause
N2483,N243,caused_by
N528,N500,caused_by
N808,N500,can_cause
N2484,N500,can_cause
N2442,N500,is_a_risk_factor_of
N431,N500,is_a_risk_factor_of
N562,N564,caused_by
N683,N564,caused_by
N517,N564,caused_by
N2131,N564,caused_by
N1963,N564,can_cause
N2155,N564,is_a_risk_factor_of
N1196,N386,caused_by
N930,N386,caused_by
N1634,N386,caused_by
N1201,N386,caused_by
N755,N386,can_cause
N2485,N386,can_cause
N686,N386,is_a_risk_factor_of
N2486,N386,is_a_risk_factor_of
N1289,N1793,is_a_risk_factor_of
N117,N306,caused_by
N2180,N306,caused_by
N2487,N306,can_cause
N419,N306,is_a_risk_factor_of
N917,N306,is_a_risk_factor_of
N2257,N1762,caused_by
N40,N1762,caused_by
N628,N1762,can_cause
N2488,N1762,can_cause
N2489,N1762,is_a_risk_factor_of
N443,N1717,caused_by
N96,N1717,caused_by
N2490,N1717,is_a_risk_factor_of
N2491,N1819,caused_by
N2492,N1375,caused_by
N921,N1375,caused_by
N2493,N1375,caused_by
N2494,N1375,can_cause
N2495,N1375,is_a_risk_factor_of
N642,N766,caused_by
N292,N766,caused_by
N2496,N766,can_cause
N2467,N839,caused_by
N1701,N839,caused_by
N1707,N1823,caused_by
N2497,N572,can_cause
N1932,N572,is_a_risk_factor_of
N2048,N1349,can_cause
N69,N509,caused_by
N9,N1751,caused_by
N299,N1751,caused_by
N2016,N1751,caused_by
N95,N1751,caused_by
N215,N1751,can_cause
N2498,N1185,can_cause
N394,N1185,can_cause
N9,N1875,caused_by
N2,N1875,caused_by
N2016,N1875,caused_by
N299,N1875,caused_by
N577,N1875,caused_by
N1469,N1875,can_cause
N2120,N1875,can_cause
N282,N1875,is_a_risk_factor_of
N2229,N1875,is_a_risk_factor_of
N90,N1876,caused_by
N2499,N1876,caused_by
N2500,N1876,caused_by
N1024,N1876,can_cause
N2501,N1876,can_cause
N1289,N1876,is_a_risk_factor_of
N2502,N1876,is_a_risk_factor_of
N1162,N864,is_a_risk_factor_of
N96,N1877,caused_by
N587,N1877,caused_by
N1062,N1877,caused_by
N2408,N1877,caused_by
N777,N1877,can_cause
N2503,N1877,can_cause
N2504,N1877,is_a_risk_factor_of
N1002,N839,caused_by
N896,N839,caused_by
N2505,N839,can_cause
N1482,N1787,caused_by
N577,N1788,caused_by
N2257,N1788,caused_by
N1699,N1788,can_cause
N324,N1788,is_a_risk_factor_of
N185,N1028,caused_by
N808,N1028,can_cause
N2506,N1028,can_cause
N282,N1028,is_a_risk_factor_of
N990,N1754,caused_by
N2467,N1754,caused_by
N2507,N1754,can_cause
N2508,N1754,can_cause
N2509,N1754,is_a_risk_factor_of
N479,N507,caused_by
N1167,N507,can_cause
N1699,N507,can_cause
N608,N507,is_a_risk_factor_of
N2510,N314,caused_by
N515,N314,can_cause
N2511,N314,can_cause
N419,N314,is_a_risk_factor_of
N369,N314,is_a_risk_factor_of
N695,N963,caused_by
N2226,N1028,is_a_risk_factor_of
N2261,N1551,caused_by
N1118,N1751,caused_by
N2513,N1751,is_a_risk_factor_of
N479,N1834,caused_by
N491,N1781,caused_by
N737,N1375,can_cause
N24,N364,caused_by
N1325,N364,can_cause
N2514,N364,can_cause
N2515,N364,is_a_risk_factor_of
N2173,N1708,can_cause
N639,N1708,can_cause
N639,N1708,is_a_risk_factor_of
N2174,N1708,is_a_risk_factor_of
N921,N404,caused_by
N2516,N1019,can_cause
N576,N656,caused_by
N43,N656,caused_by
N589,N1471,caused_by
N987,N1065,caused_by
N2071,N1065,caused_by
N96,N1065,caused_by
N293,N1065,caused_by
N962,N1065,can_cause
N394,N1065,can_cause
N2091,N1065,can_cause
N608,N1065,is_a_risk_factor_of
N817,N1065,is_a_risk_factor_of
N1702,N839,caused_by
N150,N163,caused_by
N69,N163,caused_by
N2517,N163,caused_by
N1469,N163,can_cause
N887,N163,can_cause
N1557,N163,is_a_risk_factor_of
N581,N1787,can_cause
N1118,N920,caused_by
N2488,N1740,can_cause
N2489,N1740,is_a_risk_factor_of
N479,N1490,caused_by
N1365,N1490,can_cause
N74,N1490,can_cause
N563,N1490,is_a_risk_factor_of
N2017,N1349,caused_by
N1365,N1349,can_cause
N2018,N1349,can_cause
N563,N1349,is_a_risk_factor_of
N301,N290,caused_by
N642,N290,caused_by
N2519,N290,can_cause
N119,N290,is_a_risk_factor_of
N760,N290,is_a_risk_factor_of
N642,N290,can_cause
N561,N1878,caused_by
N700,N1878,caused_by
N1933,N1878,caused_by
N96,N1878,caused_by
N648,N1878,can_cause
N2520,N1878,can_cause
N2521,N1878,is_a_risk_factor_of
N807,N1873,caused_by
N2455,N1873,caused_by
N848,N829,caused_by
N2522,N829,can_cause
N1118,N1768,caused_by
N1585,N1768,caused_by
N2523,N1768,can_cause
N686,N1768,is_a_risk_factor_of
N2126,N895,can_cause
N1972,N895,is_a_risk_factor_of
N694,N79,is_a_risk_factor_of
N1050,N882,caused_by
N270,N1879,caused_by
N593,N1879,caused_by
N1118,N1879,caused_by
N2524,N1879,caused_by
N2380,N1879,can_cause
N2525,N1879,can_cause
N2526,N1879,is_a_risk_factor_of
N514,N1798,caused_by
N2527,N1798,caused_by
N282,N1798,is_a_risk_factor_of
N2518,N489,caused_by
N1734,N1342,can_cause
N589,N1502,caused_by
N2204,N1502,caused_by
N2528,N1880,caused_by
N2048,N1880,can_cause
N2047,N1880,can_cause
N2047,N1880,is_a_risk_factor_of
N642,N1880,is_a_risk_factor_of
N846,N1819,caused_by
N2529,N1881,caused_by
N777,N1881,can_cause
N2530,N1881,is_a_risk_factor_of
N129,N1882,caused_by
N868,N1882,caused_by
N2531,N1882,caused_by
N1325,N1882,can_cause
N2532,N1882,is_a_risk_factor_of
N1180,N540,caused_by
N916,N1883,caused_by
N304,N1883,caused_by
N2533,N1883,can_cause
N2193,N1607,can_cause
N2204,N1471,caused_by
N686,N1471,is_a_risk_factor_of
N2534,N1431,caused_by
N563,N1431,can_cause
N563,N1087,can_cause
N2048,N1751,can_cause
N1948,N1884,caused_by
N69,N1884,caused_by
N987,N1884,caused_by
N2535,N1884,can_cause
N2536,N1884,is_a_risk_factor_of
N2537,N503,caused_by
N506,N503,caused_by
N2538,N503,can_cause
N1331,N503,is_a_risk_factor_of
N2346,N509,caused_by
N130,N1464,caused_by
N563,N1464,can_cause
N594,N1061,caused_by
N2346,N1751,caused_by
N1022,N1691,caused_by
N2518,N1885,caused_by
N2460,N1885,caused_by
N2539,N1885,can_cause
N2540,N1885,is_a_risk_factor_of
N2541,N1886,caused_by
N921,N1886,caused_by
N238,N1886,can_cause
N944,N1886,can_cause
N238,N1886,is_a_risk_factor_of
N126,N1887,caused_by
N90,N1887,caused_by
N2542,N1887,caused_by
N2543,N1887,can_cause
N2544,N1806,caused_by
N563,N1806,can_cause
N2518,N1794,caused_by
N1660,N1888,caused_by
N2546,N1888,caused_by
N777,N1888,can_cause
N686,N1888,is_a_risk_factor_of
N2549,N1864,caused_by
N777,N1864,can_cause
N2550,N1864,is_a_risk_factor_of
N1022,N1769,caused_by
N2551,N1769,can_cause
N517,N584,caused_by
N1504,N584,caused_by
N1365,N584,can_cause
N2552,N1394,caused_by
N1660,N1889,caused_by
N2553,N1889,caused_by
N2554,N1889,can_cause
N1698,N1889,can_cause
N2555,N1889,is_a_risk_factor_of
N817,N1889,is_a_risk_factor_of
N987,N1890,caused_by
N304,N1890,caused_by
N1062,N1890,caused_by
N2556,N1890,can_cause
N2048,N1890,can_cause
N1970,N1890,is_a_risk_factor_of
N304,N843,caused_by
N2559,N1788,caused_by
N2560,N1788,can_cause
N69,N1651,caused_by
N1200,N1830,can_cause
N594,N1735,caused_by
N2464,N1735,can_cause
N2252,N1622,caused_by
N563,N1622,can_cause
N2216,N1833,can_cause
N2561,N1833,can_cause
N2048,N1593,can_cause
N2562,N1877,caused_by
N1325,N1877,can_cause
N1944,N1794,caused_by
N2,N1794,caused_by
N941,N864,is_a_risk_factor_of
N1062,N1803,caused_by
N1991,N1803,can_cause
N514,N1891,caused_by
N2527,N1891,caused_by
N2563,N1891,caused_by
N563,N1891,can_cause
N2564,N1892,caused_by
N2565,N1892,caused_by
N2566,N1892,can_cause
N99,N1742,caused_by
N1022,N989,caused_by
N1022,N1326,caused_by
N1331,N1326,can_cause
N1734,N1708,can_cause
N2567,N500,is_a_risk_factor_of
N130,N1893,caused_by
N2569,N1893,caused_by
N2570,N1893,can_cause
N96,N1808,caused_by
N129,N1628,caused_by
N2141,N1628,caused_by
N563,N1628,can_cause
N125,N875,caused_by
N2571,N875,can_cause
N2204,N1475,caused_by
N2553,N1475,caused_by
N1594,N1771,caused_by
N270,N1771,caused_by
N777,N1771,can_cause
N2,N560,caused_by
N941,N1751,is_a_risk_factor_of
N563,N1371,can_cause
N686,N1371,is_a_risk_factor_of
N479,N1894,caused_by
N2572,N1894,caused_by
N1545,N1894,can_cause
N2573,N1894,is_a_risk_factor_of
N941,N1607,is_a_risk_factor_of
N2,N1895,caused_by
N2574,N1895,caused_by
N2575,N1895,caused_by
N2576,N1895,can_cause
N2577,N1895,is_a_risk_factor_of
N1022,N1896,caused_by
N992,N1896,caused_by
N1118,N1896,caused_by
N2,N1896,caused_by
N2578,N1896,can_cause
N282,N1896,is_a_risk_factor_of
N1022,N1856,caused_by
N1118,N1856,caused_by
N562,N1897,caused_by
N2579,N1897,caused_by
N563,N1897,can_cause
N1537,N1897,is_a_risk_factor_of
N2580,N1810,caused_by
N656,N1810,is_a_risk_factor_of
N2581,N839,caused_by
N817,N989,is_a_risk_factor_of
N563,N1750,can_cause
N2582,N1864,caused_by
N2583,N1852,caused_by
N2216,N1852,can_cause
N2559,N1737,caused_by
N2185,N1737,caused_by
N2584,N1737,can_cause
N1118,N1700,caused_by
N1022,N1700,caused_by
N2585,N1700,can_cause
N777,N1785,can_cause
N577,N1204,caused_by
N2588,N489,caused_by
N2589,N1404,caused_by
N2590,N1010,caused_by
N2591,N1010,caused_by
N1008,N1010,can_cause
N127,N1898,caused_by
N2592,N1898,caused_by
N2129,N1898,can_cause
N2130,N1898,is_a_risk_factor_of
N686,N1898,is_a_risk_factor_of
N543,N1899,caused_by
N695,N1899,caused_by
N2593,N1899,can_cause
N777,N1899,is_a_risk_factor_of
N130,N1900,caused_by
N2594,N1900,caused_by
N2595,N1900,can_cause
N686,N1900,is_a_risk_factor_of
N2596,N1891,caused_by
N686,N1891,is_a_risk_factor_of
N2597,N1901,caused_by
N783,N1901,caused_by
N2598,N1901,can_cause
N2,N814,caused_by
N1022,N1274,caused_by
N2599,N1274,caused_by
N2600,N1902,caused_by
N2601,N1902,caused_by
N777,N1902,can_cause
N2602,N1903,caused_by
N2603,N1903,caused_by
N2604,N1903,can_cause
N2605,N1903,is_a_risk_factor_of
N2606,N1000,caused_by
N84,N718,caused_by
N675,N718,caused_by
N2047,N718,is_a_risk_factor_of
N941,N290,is_a_risk_factor_of
N2178,N1898,caused_by
N2607,N1381,caused_by
N2608,N1381,caused_by
N2609,N1381,can_cause
N2610,N1381,is_a_risk_factor_of
N2611,N1904,caused_by
N2,N1904,caused_by
N1469,N1904,can_cause
N2001,N1700,can_cause
N2612,N1700,is_a_risk_factor_of
N1594,N1342,caused_by
N2613,N1804,can_cause
N129,N1905,caused_by
N304,N1905,caused_by
N2614,N1905,caused_by
N2615,N1905,can_cause
N2616,N1905,is_a_risk_factor_of
N563,N547,can_cause
N2617,N1042,can_cause
N2618,N1527,caused_by
N2619,N1527,can_cause
N2620,N1527,is_a_risk_factor_of
N1660,N1858,caused_by
N2621,N1858,caused_by
N2622,N1858,can_cause
N2623,N1858,is_a_risk_factor_of
N802,N1227,caused_by
N599,N1227,caused_by
N2215,N1227,can_cause
N479,N1906,caused_by
N2624,N1906,caused_by
N2625,N1906,can_cause
N1325,N1068,can_cause
N661,N1907,caused_by
N2626,N1907,caused_by
N2627,N1907,can_cause
N2518,N1778,caused_by
N1595,N79,can_cause
N2628,N1109,caused_by
N2629,N656,caused_by
N2630,N656,can_cause
N1975,N432,can_cause
N577,N1908,caused_by
N2631,N1908,caused_by
N100,N1908,caused_by
N2632,N1908,can_cause
N2288,N1440,caused_by
N2425,N1440,caused_by
N2633,N1909,caused_by
N700,N1909,caused_by
N2521,N1909,can_cause
N2346,N1090,caused_by
N941,N1788,is_a_risk_factor_of
N2634,N1075,caused_by
N1325,N1075,can_cause
N1325,N1886,can_cause
N1751,N1593,is_a_risk_factor_of
N2,N1910,caused_by
N2635,N1910,caused_by
N1091,N1910,caused_by
N2636,N1910,can_cause
N2637,N1789,caused_by
N2201,N1789,can_cause
N1022,N1542,caused_by
N2638,N1542,caused_by
N1118,N1542,caused_by
N2639,N1542,can_cause
N2640,N1338,caused_by
N577,N1338,caused_by
N1325,N1338,can_cause
N2641,N1338,is_a_risk_factor_of
N1310,N1305,caused_by
N2642,N1305,caused_by
N686,N1305,is_a_risk_factor_of
N2,N1911,caused_by
N2643,N1911,caused_by
N2644,N1911,can_cause
N282,N1911,is_a_risk_factor_of
N921,N1357,caused_by
N563,N1357,can_cause
N479,N1912,caused_by
N2645,N1912,caused_by
N2115,N1912,can_cause
N686,N1912,is_a_risk_factor_of
N282,N1912,is_a_risk_factor_of
N238,N1815,is_a_risk_factor_of
N282,N1815,is_a_risk_factor_of
N1504,N1537,caused_by
N408,N1913,caused_by
N2646,N1913,caused_by
N1359,N1913,caused_by
N2647,N1913,can_cause
N686,N1913,is_a_risk_factor_of
N2648,N1913,is_a_risk_factor_of
N2649,N1717,caused_by
N2650,N1717,can_cause
N2651,N627,caused_by
N2652,N627,can_cause
N238,N627,is_a_risk_factor_of
N2039,N1204,caused_by
N2047,N1204,is_a_risk_factor_of
N563,N891,can_cause
N2653,N1828,caused_by
N2654,N1828,can_cause
N2655,N1806,caused_by
N2518,N839,caused_by
N2656,N858,can_cause
N2657,N1244,caused_by
N2222,N1898,caused_by
N2658,N980,caused_by
N2525,N980,can_cause
N802,N610,caused_by
N2659,N1661,caused_by
N2660,N1700,can_cause
N2552,N1399,caused_by
N2595,N1399,can_cause
N127,N1760,caused_by
N2661,N572,can_cause
N577,N1357,caused_by
N2372,N1357,can_cause
N2662,N785,caused_by
N452,N785,caused_by
N2663,N785,can_cause
N152,N155,caused_by
N2664,N155,can_cause
N238,N155,is_a_risk_factor_of
N130,N1244,caused_by
N921,N1244,caused_by
N2152,N1834,caused_by
N2664,N1834,can_cause
N1022,N1178,caused_by
N2518,N1475,caused_by
N1783,N1475,caused_by
N2594,N1445,caused_by
N2595,N1445,can_cause
N2665,N1574,caused_by
N2666,N1574,can_cause
N479,N1914,caused_by
N2667,N1914,caused_by
N2668,N1914,caused_by
N1469,N1914,can_cause
N2670,N1217,caused_by
N2671,N1217,caused_by
N2672,N956,is_a_risk_factor_of
N695,N904,caused_by
N1707,N904,caused_by
N1469,N904,can_cause
N1469,N1675,can_cause
N1022,N1493,caused_by
N594,N1493,is_a_risk_factor_of
N2160,N509,can_cause
N1933,N1788,caused_by
N2152,N610,caused_by
N599,N610,caused_by
N2215,N610,can_cause
N2674,N1805,caused_by
N462,N1739,caused_by
N1200,N1739,can_cause
N2676,N364,caused_by
N96,N364,caused_by
N848,N610,caused_by
N2677,N1675,caused_by
N1200,N1760,can_cause
N2657,N1303,caused_by
N1310,N1303,caused_by
N661,N1915,caused_by
N2678,N1915,caused_by
N304,N1915,caused_by
N2679,N1915,can_cause
N2680,N938,caused_by
N777,N938,can_cause
N563,N1886,can_cause
N941,N79,is_a_risk_factor_of
N2681,N1789,is_a_risk_factor_of
N2682,N1440,caused_by
N2683,N1440,can_cause
N1078,N895,can_cause
N818,N895,is_a_risk_factor_of
N2676,N1371,caused_by
N2142,N1885,caused_by
N2683,N1394,can_cause
N1359,N1912,caused_by
N304,N1084,caused_by
N777,N1084,can_cause
N2621,N1749,caused_by
N1553,N1912,caused_by
N2141,N751,caused_by
N2684,N1916,caused_by
N99,N1916,caused_by
N285,N1916,caused_by
N2685,N1916,can_cause
N1209,N1886,caused_by
N2686,N1886,caused_by
N2687,N1917,caused_by
N2688,N1917,caused_by
N777,N1917,can_cause
N2689,N1178,caused_by
N2673,N1807,caused_by
N2690,N432,can_cause
N1734,N432,is_a_risk_factor_of
N69,N1793,caused_by
N185,N1027,caused_by
N563,N1027,can_cause
N2691,N963,caused_by
N2692,N963,can_cause
N1325,N1756,can_cause
N2693,N1607,can_cause
N2141,N1537,caused_by
N43,N1537,caused_by
N2252,N1874,caused_by
N2141,N1874,caused_by
N921,N1355,caused_by
N2694,N1750,caused_by
N2,N1918,caused_by
N577,N1918,caused_by
N299,N1918,caused_by
N9,N1918,caused_by
N1200,N1918,can_cause
N2695,N1873,caused_by
N2696,N1873,caused_by
N2673,N509,caused_by
N2697,N1158,caused_by
N2698,N1158,can_cause
N238,N1158,is_a_risk_factor_of
N2699,N404,caused_by
N2700,N404,caused_by
N2171,N404,can_cause
N1707,N1217,caused_by
N1325,N567,can_cause
N2701,N1814,caused_by
N1947,N1760,can_cause
N1734,N1760,is_a_risk_factor_of
N1174,N1204,caused_by
N2702,N1042,caused_by
N1325,N1874,can_cause
N1310,N1172,caused_by
N1307,N1172,caused_by
N2703,N1172,can_cause
N817,N1172,is_a_risk_factor_of
N1940,N1138,can_cause
N517,N1806,caused_by
N99,N1737,caused_by
N2257,N1737,caused_by
N661,N1919,caused_by
N695,N1919,caused_by
N2704,N1919,caused_by
N2705,N1919,can_cause
N892,N1816,caused_by
N941,N1593,is_a_risk_factor_of
N695,N475,caused_by
N1469,N475,can_cause
N2567,N475,is_a_risk_factor_of
N2706,N1764,caused_by
N563,N177,can_cause
N2707,N1814,caused_by
N2708,N1814,caused_by
N395,N404,caused_by
N2709,N35,caused_by
N2710,N35,caused_by
N777,N35,can_cause
N2083,N1808,caused_by
N2039,N718,caused_by
N2711,N718,caused_by
N43,N1796,caused_by
N2712,N1796,can_cause
N2,N891,caused_by
N2713,N879,caused_by
N2714,N879,can_cause
N466,N1087,caused_by
N99,N1607,caused_by
N1726,N1803,caused_by
N1962,N1837,caused_by
N2715,N1582,caused_by
N2716,N1582,can_cause
N2518,N1773,caused_by
N2717,N1920,caused_by
N2718,N1920,caused_by
N1325,N1920,can_cause
N2719,N1920,is_a_risk_factor_of
N697,N699,caused_by
N270,N699,caused_by
N2080,N699,can_cause
N304,N997,caused_by
N2720,N997,can_cause
N2721,N1568,caused_by
N2,N1568,caused_by
N563,N1568,can_cause
N2722,N1749,caused_by
N941,N1760,is_a_risk_factor_of
N2723,N1753,caused_by
N7,N1921,caused_by
N2,N1921,caused_by
N2346,N1921,caused_by
N1469,N1921,can_cause
N2724,N1313,caused_by
N1281,N1313,caused_by
N686,N1313,is_a_risk_factor_of
N2725,N656,caused_by
N2726,N656,can_cause
N1707,N540,caused_by
N2727,N306,caused_by
N2728,N306,can_cause
N2729,N306,is_a_risk_factor_of
N2,N1431,caused_by
N1504,N1431,caused_by
N479,N1431,caused_by
N2730,N1555,caused_by
N17,N1880,caused_by
N2011,N1092,caused_by
N96,N1092,caused_by
N1167,N1092,can_cause
N2731,N1864,caused_by
N2039,N1865,caused_by
N935,N718,caused_by
N1174,N718,caused_by
N1196,N1920,caused_by
N2518,N1371,caused_by
N9,N509,caused_by
N2016,N509,caused_by
N577,N509,caused_by
N186,N1806,caused_by
N2035,N1922,caused_by
N1660,N1922,caused_by
N96,N1922,caused_by
N2733,N1922,can_cause
N2734,N1607,caused_by
N2735,N891,caused_by
N2,N1753,caused_by
N1469,N1753,can_cause
N1810,N1753,is_a_risk_factor_of
N143,N839,caused_by
N2736,N920,can_cause
N848,N1019,caused_by
N432,N572,is_a_risk_factor_of
N2737,N1808,caused_by
N2665,N509,caused_by
N2738,N1817,can_cause
N2141,N1624,caused_by
N563,N1624,can_cause
N589,N1794,caused_by
N2673,N1012,caused_by
N2665,N1527,caused_by
N2561,N1527,can_cause
N1062,N1717,caused_by
N1140,N1808,caused_by
N2204,N1431,caused_by
N487,N1766,caused_by
N2689,N1766,caused_by
N563,N1766,can_cause
N1696,N1065,can_cause
N2739,N1065,can_cause
N1022,N839,caused_by
N1118,N839,caused_by
N868,N1819,caused_by
N2,N1593,caused_by
N1469,N1593,can_cause
N1810,N1593,is_a_risk_factor_of
N695,N938,caused_by
N2740,N1810,can_cause
N282,N1810,is_a_risk_factor_of
N2742,N1607,caused_by
N2743,N1809,caused_by
N2518,N1809,caused_by
N2141,N766,caused_by
N2744,N1753,caused_by
N2745,N920,is_a_risk_factor_of
N577,N364,caused_by
N1707,N364,caused_by
N270,N1751,caused_by
